"pacSelector","kind","owner","principalId","lastChange","category","displayName","id"
"tenant01","Policy","unknownOwner","02eecbd1-9a53-48af-bb8c-81ca6a8eedbe","2024-07-25T11:37:24","Machine Learning","Deny AKS cluster creation in Azure Machine Learning","/providers/Microsoft.Management/managementGroups/org-id/providers/Microsoft.Authorization/policyDefinitions/Deny-MachineLearning-Aks"
"tenant01","Policy","unknownOwner","02eecbd1-9a53-48af-bb8c-81ca6a8eedbe","2024-07-25T11:31:14","Monitoring","[Deprecated]: Deploy Diagnostic Settings for Database for PostgreSQL to Log Analytics workspace","/providers/Microsoft.Management/managementGroups/org-id/providers/Microsoft.Authorization/policyDefinitions/Deploy-Diagnostics-PostgreSQL"
"tenant01","Policy","unknownOwner","02eecbd1-9a53-48af-bb8c-81ca6a8eedbe","2024-07-25T11:32:50","Event Hub","Event Hub namespaces (Premium) should use a customer-managed key for encryption","/providers/Microsoft.Management/managementGroups/org-id/providers/Microsoft.Authorization/policyDefinitions/Deny-EH-Premium-CMK"
"tenant01","Policy","unknownOwner","02eecbd1-9a53-48af-bb8c-81ca6a8eedbe","2024-07-25T11:34:22","Monitoring","[Deprecated]: Deploy Diagnostic Settings for Database for MySQL to Log Analytics workspace","/providers/Microsoft.Management/managementGroups/org-id/providers/Microsoft.Authorization/policyDefinitions/Deploy-Diagnostics-MySQL"
"tenant01","Policy","unknownOwner","02eecbd1-9a53-48af-bb8c-81ca6a8eedbe","2024-07-25T11:43:34","Monitoring","[Deprecated]: Deploy Diagnostic Settings for Application Gateway to Log Analytics workspace","/providers/Microsoft.Management/managementGroups/org-id/providers/Microsoft.Authorization/policyDefinitions/Deploy-Diagnostics-ApplicationGateway"
"tenant01","Policy","unknownOwner","02eecbd1-9a53-48af-bb8c-81ca6a8eedbe","2024-07-25T11:49:45","Monitoring","[Deprecated]: Deploy Diagnostic Settings for Event Grid Topic to Log Analytics workspace","/providers/Microsoft.Management/managementGroups/org-id/providers/Microsoft.Authorization/policyDefinitions/Deploy-Diagnostics-EventGridTopic"
"tenant01","Policy","unknownOwner","02eecbd1-9a53-48af-bb8c-81ca6a8eedbe","2024-07-25T11:42:01","Networking","Deploy-Private-DNS-Generic","/providers/Microsoft.Management/managementGroups/org-id/providers/Microsoft.Authorization/policyDefinitions/Deploy-Private-DNS-Generic"
"tenant01","Policy","unknownOwner","02eecbd1-9a53-48af-bb8c-81ca6a8eedbe","2024-07-25T11:46:39","Monitoring","[Deprecated]: Deploy Diagnostic Settings for IoT Hub to Log Analytics workspace","/providers/Microsoft.Management/managementGroups/org-id/providers/Microsoft.Authorization/policyDefinitions/Deploy-Diagnostics-iotHub"
"tenant01","Policy","unknownOwner","02eecbd1-9a53-48af-bb8c-81ca6a8eedbe","2024-07-25T11:28:10","Storage","File Services with insecure authentication methods should be denied","/providers/Microsoft.Management/managementGroups/org-id/providers/Microsoft.Authorization/policyDefinitions/Deny-FileServices-InsecureAuth"
"tenant01","Policy","unknownOwner","02eecbd1-9a53-48af-bb8c-81ca6a8eedbe","2024-07-25T11:28:10","SQL","Azure Database for PostgreSQL server deploy a specific min TLS version requirement and enforce SSL ","/providers/Microsoft.Management/managementGroups/org-id/providers/Microsoft.Authorization/policyDefinitions/Deploy-PostgreSQL-sslEnforcement"
"tenant01","Policy","unknownOwner","02eecbd1-9a53-48af-bb8c-81ca6a8eedbe","2024-07-25T11:34:21","Monitoring","[Deprecated]: Deploy Diagnostic Settings for Analysis Services to Log Analytics workspace","/providers/Microsoft.Management/managementGroups/org-id/providers/Microsoft.Authorization/policyDefinitions/Deploy-Diagnostics-AnalysisService"
"tenant01","Policy","unknownOwner","02eecbd1-9a53-48af-bb8c-81ca6a8eedbe","2024-07-25T11:42:01","Network","Deploy an Azure DDoS Network Protection","/providers/Microsoft.Management/managementGroups/org-id/providers/Microsoft.Authorization/policyDefinitions/Deploy-DDoSProtection"
"tenant01","Policy","unknownOwner","02eecbd1-9a53-48af-bb8c-81ca6a8eedbe","2024-07-25T11:48:13","Monitoring","[Deprecated]: Deploy Diagnostic Settings for Front Door to Log Analytics workspace","/providers/Microsoft.Management/managementGroups/org-id/providers/Microsoft.Authorization/policyDefinitions/Deploy-Diagnostics-FrontDoor"
"tenant01","Policy","unknownOwner","02eecbd1-9a53-48af-bb8c-81ca6a8eedbe","2024-07-25T11:43:35","Cost Optimization","Unused Disks driving cost should be avoided","/providers/Microsoft.Management/managementGroups/org-id/providers/Microsoft.Authorization/policyDefinitions/Audit-Disks-UnusedResourcesCostOptimization"
"tenant01","Policy","unknownOwner","02eecbd1-9a53-48af-bb8c-81ca6a8eedbe","2024-07-25T11:34:19","Security Center","[Deprecated]: Configure SQL Virtual Machines to auto install Microsoft Defender for SQL and DCR with a user-defined LAW","/providers/Microsoft.Management/managementGroups/org-id/providers/Microsoft.Authorization/policyDefinitions/Deploy-MDFC-SQL-DefenderSQL-DCR"
"tenant01","Policy","unknownOwner","02eecbd1-9a53-48af-bb8c-81ca6a8eedbe","2024-07-25T11:49:45","Monitoring","[Deprecated]: Deploy Diagnostic Settings for SQL Managed Instances to Log Analytics workspace","/providers/Microsoft.Management/managementGroups/org-id/providers/Microsoft.Authorization/policyDefinitions/Deploy-Diagnostics-SQLMI"
"tenant01","Policy","unknownOwner","02eecbd1-9a53-48af-bb8c-81ca6a8eedbe","2024-07-25T11:43:35","Machine Learning","Deny public access of Azure Machine Learning clusters via SSH","/providers/Microsoft.Management/managementGroups/org-id/providers/Microsoft.Authorization/policyDefinitions/Deny-MachineLearning-ComputeCluster-RemoteLoginPortPublicAccess"
"tenant01","Policy","unknownOwner","02eecbd1-9a53-48af-bb8c-81ca6a8eedbe","2024-07-25T11:49:44","Cognitive Services","Only explicit kinds for Cognitive Services should be allowed","/providers/Microsoft.Management/managementGroups/org-id/providers/Microsoft.Authorization/policyDefinitions/Deny-CognitiveServices-Resource-Kinds"
"tenant01","Policy","unknownOwner","02eecbd1-9a53-48af-bb8c-81ca6a8eedbe","2024-07-25T11:38:56","Compute","Deploy Virtual Machine Auto Shutdown Schedule","/providers/Microsoft.Management/managementGroups/org-id/providers/Microsoft.Authorization/policyDefinitions/Deploy-Vm-autoShutdown"
"tenant01","Policy","unknownOwner","02eecbd1-9a53-48af-bb8c-81ca6a8eedbe","2024-07-25T11:43:34","Storage","Storage Accounts with SFTP enabled should be denied","/providers/Microsoft.Management/managementGroups/org-id/providers/Microsoft.Authorization/policyDefinitions/Deny-Storage-SFTP"
"tenant01","Policy","unknownOwner","02eecbd1-9a53-48af-bb8c-81ca6a8eedbe","2024-07-25T11:40:30","Monitoring","[Deprecated]: Deploy Diagnostic Settings for Virtual Machines to Log Analytics workspace","/providers/Microsoft.Management/managementGroups/org-id/providers/Microsoft.Authorization/policyDefinitions/Deploy-Diagnostics-VM"
"tenant01","Policy","unknownOwner","02eecbd1-9a53-48af-bb8c-81ca6a8eedbe","2024-07-25T11:31:15","Machine Learning","Enforce subnet connectivity for Azure Machine Learning compute clusters and compute instances","/providers/Microsoft.Management/managementGroups/org-id/providers/Microsoft.Authorization/policyDefinitions/Deny-MachineLearning-Compute-SubnetId"
"tenant01","Policy","unknownOwner","02eecbd1-9a53-48af-bb8c-81ca6a8eedbe","2024-07-25T11:46:40","Logic Apps","Configure Logic apps to use the latest TLS version","/providers/Microsoft.Management/managementGroups/org-id/providers/Microsoft.Authorization/policyDefinitions/Deploy-LogicApp-TLS"
"tenant01","Policy","unknownOwner","02eecbd1-9a53-48af-bb8c-81ca6a8eedbe","2024-07-25T11:26:38","Monitoring","[Deprecated]: Deploy Diagnostic Settings for AVD Workspace to Log Analytics workspace","/providers/Microsoft.Management/managementGroups/org-id/providers/Microsoft.Authorization/policyDefinitions/Deploy-Diagnostics-WVDWorkspace"
"tenant01","Policy","unknownOwner","02eecbd1-9a53-48af-bb8c-81ca6a8eedbe","2024-07-25T11:42:03","Monitoring","DenyAction implementation on Activity Logs","/providers/Microsoft.Management/managementGroups/org-id/providers/Microsoft.Authorization/policyDefinitions/DenyAction-ActivityLogs"
"tenant01","Policy","unknownOwner","02eecbd1-9a53-48af-bb8c-81ca6a8eedbe","2024-07-25T11:32:46","Monitoring","[Deprecated]: Deploy Diagnostic Settings for AVD Scaling Plans to Log Analytics workspace","/providers/Microsoft.Management/managementGroups/org-id/providers/Microsoft.Authorization/policyDefinitions/Deploy-Diagnostics-AVDScalingPlans"
"tenant01","Policy","unknownOwner","02eecbd1-9a53-48af-bb8c-81ca6a8eedbe","2024-07-25T11:29:42","Network","Subnets should have a User Defined Route","/providers/Microsoft.Management/managementGroups/org-id/providers/Microsoft.Authorization/policyDefinitions/Deny-Subnet-Without-Udr"
"tenant01","Policy","unknownOwner","02eecbd1-9a53-48af-bb8c-81ca6a8eedbe","2024-07-25T11:26:39","Monitoring","[Deprecated]: Deploy Diagnostic Settings for Firewall to Log Analytics workspace","/providers/Microsoft.Management/managementGroups/org-id/providers/Microsoft.Authorization/policyDefinitions/Deploy-Diagnostics-Firewall"
"tenant01","Policy","unknownOwner","02eecbd1-9a53-48af-bb8c-81ca6a8eedbe","2024-07-25T11:34:21","SQL","Azure SQL Database should have the minimal TLS version set to the highest version","/providers/Microsoft.Management/managementGroups/org-id/providers/Microsoft.Authorization/policyDefinitions/Deny-Sql-minTLS"
"tenant01","Policy","unknownOwner","02eecbd1-9a53-48af-bb8c-81ca6a8eedbe","2024-07-25T11:26:38","Monitoring","[Deprecated]: Deploy Diagnostic Settings for Traffic Manager to Log Analytics workspace","/providers/Microsoft.Management/managementGroups/org-id/providers/Microsoft.Authorization/policyDefinitions/Deploy-Diagnostics-TrafficManager"
"tenant01","Policy","unknownOwner","02eecbd1-9a53-48af-bb8c-81ca6a8eedbe","2024-07-25T11:29:43","Monitoring","[Deprecated]: Deploy Diagnostic Settings for Container Registry to Log Analytics workspace","/providers/Microsoft.Management/managementGroups/org-id/providers/Microsoft.Authorization/policyDefinitions/Deploy-Diagnostics-ACR"
"tenant01","Policy","unknownOwner","02eecbd1-9a53-48af-bb8c-81ca6a8eedbe","2024-07-25T11:40:29","Storage","Resource Access Rules resource IDs should be restricted for Storage Accounts","/providers/Microsoft.Management/managementGroups/org-id/providers/Microsoft.Authorization/policyDefinitions/Deny-Storage-ResourceAccessRulesResourceId"
"tenant01","Policy","unknownOwner","02eecbd1-9a53-48af-bb8c-81ca6a8eedbe","2024-07-25T11:38:58","Network","Subnets without Private Endpoint Network Policies enabled should be denied","/providers/Microsoft.Management/managementGroups/org-id/providers/Microsoft.Authorization/policyDefinitions/Deny-Subnet-Without-Penp"
"tenant01","Policy","unknownOwner","02eecbd1-9a53-48af-bb8c-81ca6a8eedbe","2024-07-25T11:46:39","Cache","Azure Cache for Redis Append and the enforcement that enableNonSslPort is disabled.","/providers/Microsoft.Management/managementGroups/org-id/providers/Microsoft.Authorization/policyDefinitions/Append-Redis-disableNonSslPort"
"tenant01","Policy","unknownOwner","02eecbd1-9a53-48af-bb8c-81ca6a8eedbe","2024-07-25T11:38:57","SQL","Deploy SQL database auditing settings","/providers/Microsoft.Management/managementGroups/org-id/providers/Microsoft.Authorization/policyDefinitions/Deploy-Sql-AuditingSettings"
"tenant01","Policy","unknownOwner","02eecbd1-9a53-48af-bb8c-81ca6a8eedbe","2024-07-25T11:31:17","Monitoring","[Deprecated]: Deploy Diagnostic Settings for AVD Host Pools to Log Analytics workspace","/providers/Microsoft.Management/managementGroups/org-id/providers/Microsoft.Authorization/policyDefinitions/Deploy-Diagnostics-WVDHostPools"
"tenant01","Policy","unknownOwner","02eecbd1-9a53-48af-bb8c-81ca6a8eedbe","2024-07-25T11:35:53","Storage","Storage Accounts should use a container delete retention policy","/providers/Microsoft.Management/managementGroups/org-id/providers/Microsoft.Authorization/policyDefinitions/Deny-Storage-ContainerDeleteRetentionPolicy"
"tenant01","Policy","unknownOwner","02eecbd1-9a53-48af-bb8c-81ca6a8eedbe","2024-07-25T11:43:35","SQL","Deploy SQL Database security Alert Policies configuration with email admin accounts","/providers/Microsoft.Management/managementGroups/org-id/providers/Microsoft.Authorization/policyDefinitions/Deploy-Sql-SecurityAlertPolicies"
"tenant01","Policy","unknownOwner","02eecbd1-9a53-48af-bb8c-81ca6a8eedbe","2024-07-25T11:31:18","Storage","Storage Accounts with custom domains assigned should be denied","/providers/Microsoft.Management/managementGroups/org-id/providers/Microsoft.Authorization/policyDefinitions/Deny-StorageAccount-CustomDomain"
"tenant01","Policy","unknownOwner","02eecbd1-9a53-48af-bb8c-81ca6a8eedbe","2024-07-25T11:49:44","Security Center","[Deprecated]: Configure Arc-enabled SQL Servers with DCR Association to Microsoft Defender for SQL user-defined DCR","/providers/Microsoft.Management/managementGroups/org-id/providers/Microsoft.Authorization/policyDefinitions/Deploy-MDFC-Arc-SQL-DCR-Association"
"tenant01","Policy","unknownOwner","02eecbd1-9a53-48af-bb8c-81ca6a8eedbe","2024-07-25T11:43:34","Storage","File Services with insecure SMB versions should be denied","/providers/Microsoft.Management/managementGroups/org-id/providers/Microsoft.Authorization/policyDefinitions/Deny-FileServices-InsecureSmbVersions"
"tenant01","Policy","unknownOwner","02eecbd1-9a53-48af-bb8c-81ca6a8eedbe","2024-07-25T11:35:54","Monitoring","[Deprecated]: Deploy Diagnostic Settings for API Management to Log Analytics workspace","/providers/Microsoft.Management/managementGroups/org-id/providers/Microsoft.Authorization/policyDefinitions/Deploy-Diagnostics-APIMgmt"
"tenant01","Policy","unknownOwner","02eecbd1-9a53-48af-bb8c-81ca6a8eedbe","2024-07-25T11:26:37","Storage","File Services with insecure SMB channel encryption should be denied","/providers/Microsoft.Management/managementGroups/org-id/providers/Microsoft.Authorization/policyDefinitions/Deny-FileServices-InsecureSmbChannel"
"tenant01","Policy","unknownOwner","02eecbd1-9a53-48af-bb8c-81ca6a8eedbe","2024-07-25T11:28:11","Storage","Resource Access Rules Tenants should be restricted for Storage Accounts","/providers/Microsoft.Management/managementGroups/org-id/providers/Microsoft.Authorization/policyDefinitions/Deny-Storage-ResourceAccessRulesTenantId"
"tenant01","Policy","unknownOwner","02eecbd1-9a53-48af-bb8c-81ca6a8eedbe","2024-07-25T11:34:19","Monitoring","[Deprecated]: Deploy Diagnostic Settings for ExpressRoute to Log Analytics workspace","/providers/Microsoft.Management/managementGroups/org-id/providers/Microsoft.Authorization/policyDefinitions/Deploy-Diagnostics-ExpressRoute"
"tenant01","Policy","unknownOwner","02eecbd1-9a53-48af-bb8c-81ca6a8eedbe","2024-07-25T11:28:12","Monitoring","[Deprecated]: Deploy Diagnostic Settings for Event Grid subscriptions to Log Analytics workspace","/providers/Microsoft.Management/managementGroups/org-id/providers/Microsoft.Authorization/policyDefinitions/Deploy-Diagnostics-EventGridSub"
"tenant01","Policy","unknownOwner","02eecbd1-9a53-48af-bb8c-81ca6a8eedbe","2024-07-25T11:43:35","Logic Apps","Logic app should only be accessible over HTTPS","/providers/Microsoft.Management/managementGroups/org-id/providers/Microsoft.Authorization/policyDefinitions/Deny-LogicApps-Without-Https"
"tenant01","Policy","unknownOwner","02eecbd1-9a53-48af-bb8c-81ca6a8eedbe","2024-07-25T11:38:58","Monitoring","[Deprecated]: Deploy Diagnostic Settings for Time Series Insights to Log Analytics workspace","/providers/Microsoft.Management/managementGroups/org-id/providers/Microsoft.Authorization/policyDefinitions/Deploy-Diagnostics-TimeSeriesInsights"
"tenant01","Policy","unknownOwner","02eecbd1-9a53-48af-bb8c-81ca6a8eedbe","2024-07-25T11:45:06","Monitoring","[Deprecated]: Deploy Diagnostic Settings for App Service Plan to Log Analytics workspace","/providers/Microsoft.Management/managementGroups/org-id/providers/Microsoft.Authorization/policyDefinitions/Deploy-Diagnostics-WebServerFarm"
"tenant01","Policy","unknownOwner","02eecbd1-9a53-48af-bb8c-81ca6a8eedbe","2024-07-25T11:26:39","SQL","MySQL database servers enforce SSL connections.","/providers/Microsoft.Management/managementGroups/org-id/providers/Microsoft.Authorization/policyDefinitions/Deny-MySql-http"
"tenant01","Policy","unknownOwner","02eecbd1-9a53-48af-bb8c-81ca6a8eedbe","2024-07-25T11:29:44","Network","Application Gateway should be deployed with predefined Microsoft policy that is using TLS version 1.2","/providers/Microsoft.Management/managementGroups/org-id/providers/Microsoft.Authorization/policyDefinitions/Deny-AppGw-Without-Tls"
"tenant01","Policy","unknownOwner","02eecbd1-9a53-48af-bb8c-81ca6a8eedbe","2024-07-25T11:37:25","Network","Enforce specific configuration of User-Defined Routes (UDR)","/providers/Microsoft.Management/managementGroups/org-id/providers/Microsoft.Authorization/policyDefinitions/Modify-UDR"
"tenant01","Policy","unknownOwner","02eecbd1-9a53-48af-bb8c-81ca6a8eedbe","2024-07-25T11:38:56","General","Do not allow deletion of specified resource and resource type","/providers/Microsoft.Management/managementGroups/org-id/providers/Microsoft.Authorization/policyDefinitions/DenyAction-DeleteResources"
"tenant01","Policy","unknownOwner","02eecbd1-9a53-48af-bb8c-81ca6a8eedbe","2024-07-25T11:48:11","Monitoring","[Deprecated]: Deploy Diagnostic Settings for Redis Cache to Log Analytics workspace","/providers/Microsoft.Management/managementGroups/org-id/providers/Microsoft.Authorization/policyDefinitions/Deploy-Diagnostics-RedisCache"
"tenant01","Policy","unknownOwner","02eecbd1-9a53-48af-bb8c-81ca6a8eedbe","2024-07-25T11:40:29","Cost Optimization","Audit AHUB for eligible VMs","/providers/Microsoft.Management/managementGroups/org-id/providers/Microsoft.Authorization/policyDefinitions/Audit-AzureHybridBenefit"
"tenant01","Policy","unknownOwner","02eecbd1-9a53-48af-bb8c-81ca6a8eedbe","2024-07-25T11:26:37","Monitoring","[Deprecated]: Deploy Diagnostic Settings for Cosmos DB to Log Analytics workspace","/providers/Microsoft.Management/managementGroups/org-id/providers/Microsoft.Authorization/policyDefinitions/Deploy-Diagnostics-CosmosDB"
"tenant01","Policy","unknownOwner","02eecbd1-9a53-48af-bb8c-81ca6a8eedbe","2024-07-25T11:49:44","Cognitive Services","Outbound network access should be restricted for Cognitive Services","/providers/Microsoft.Management/managementGroups/org-id/providers/Microsoft.Authorization/policyDefinitions/Deny-CognitiveServices-RestrictOutboundNetworkAccess"
"tenant01","Policy","unknownOwner","02eecbd1-9a53-48af-bb8c-81ca6a8eedbe","2024-07-25T11:45:08","Monitoring","[Deprecated]: Deploy Diagnostic Settings for Data Lake Analytics to Log Analytics workspace","/providers/Microsoft.Management/managementGroups/org-id/providers/Microsoft.Authorization/policyDefinitions/Deploy-Diagnostics-DLAnalytics"
"tenant01","Policy","unknownOwner","02eecbd1-9a53-48af-bb8c-81ca6a8eedbe","2024-07-25T11:40:31","SQL","SQL managed instances deploy a specific min TLS version requirement.","/providers/Microsoft.Management/managementGroups/org-id/providers/Microsoft.Authorization/policyDefinitions/Deploy-SqlMi-minTLS"
"tenant01","Policy","unknownOwner","02eecbd1-9a53-48af-bb8c-81ca6a8eedbe","2024-07-25T11:26:39","Monitoring","[Deprecated]: Deploy Diagnostic Settings for Machine Learning workspace to Log Analytics workspace","/providers/Microsoft.Management/managementGroups/org-id/providers/Microsoft.Authorization/policyDefinitions/Deploy-Diagnostics-MlWorkspace"
"tenant01","Policy","unknownOwner","02eecbd1-9a53-48af-bb8c-81ca6a8eedbe","2024-07-25T11:49:45","Monitoring","[Deprecated]: Deploy Diagnostic Settings for VPN Gateway to Log Analytics workspace","/providers/Microsoft.Management/managementGroups/org-id/providers/Microsoft.Authorization/policyDefinitions/Deploy-Diagnostics-VNetGW"
"tenant01","Policy","unknownOwner","02eecbd1-9a53-48af-bb8c-81ca6a8eedbe","2024-07-25T11:26:38","Network","Deny or Audit service endpoints on subnets","/providers/Microsoft.Management/managementGroups/org-id/providers/Microsoft.Authorization/policyDefinitions/Deny-Service-Endpoints"
"tenant01","Policy","unknownOwner","02eecbd1-9a53-48af-bb8c-81ca6a8eedbe","2024-07-25T11:48:13","Storage","Network ACL bypass option should be restricted for Storage Accounts","/providers/Microsoft.Management/managementGroups/org-id/providers/Microsoft.Authorization/policyDefinitions/Deny-Storage-NetworkAclsBypass"
"tenant01","Policy","unknownOwner","02eecbd1-9a53-48af-bb8c-81ca6a8eedbe","2024-07-25T11:45:08","Monitoring","[Deprecated]: Deploy Diagnostic Settings for AVD Application group to Log Analytics workspace","/providers/Microsoft.Management/managementGroups/org-id/providers/Microsoft.Authorization/policyDefinitions/Deploy-Diagnostics-WVDAppGroup"
"tenant01","Policy","unknownOwner","02eecbd1-9a53-48af-bb8c-81ca6a8eedbe","2024-07-25T11:26:39","Monitoring","[Deprecated] Diagnostic Settings for MariaDB to Log Analytics Workspace","/providers/Microsoft.Management/managementGroups/org-id/providers/Microsoft.Authorization/policyDefinitions/Deploy-Diagnostics-MariaDB"
"tenant01","Policy","unknownOwner","02eecbd1-9a53-48af-bb8c-81ca6a8eedbe","2024-07-25T11:38:56","Monitoring","[Deprecated]: Deploy Diagnostic Settings for Logic Apps integration service environment to Log Analytics workspace","/providers/Microsoft.Management/managementGroups/org-id/providers/Microsoft.Authorization/policyDefinitions/Deploy-Diagnostics-LogicAppsISE"
"tenant01","Policy","unknownOwner","02eecbd1-9a53-48af-bb8c-81ca6a8eedbe","2024-07-25T11:29:44","Monitoring","[Deprecated]: Deploy Diagnostic Settings for HDInsight to Log Analytics workspace","/providers/Microsoft.Management/managementGroups/org-id/providers/Microsoft.Authorization/policyDefinitions/Deploy-Diagnostics-HDInsight"
"tenant01","Policy","unknownOwner","02eecbd1-9a53-48af-bb8c-81ca6a8eedbe","2024-07-25T11:42:03","SQL","Deploy SQL Database Vulnerability Assessments","/providers/Microsoft.Management/managementGroups/org-id/providers/Microsoft.Authorization/policyDefinitions/Deploy-Sql-vulnerabilityAssessments_20230706"
"tenant01","Policy","unknownOwner","02eecbd1-9a53-48af-bb8c-81ca6a8eedbe","2024-07-25T11:31:16","Network","Deny the creation of private DNS","/providers/Microsoft.Management/managementGroups/org-id/providers/Microsoft.Authorization/policyDefinitions/Deny-Private-DNS-Zones"
"tenant01","Policy","unknownOwner","02eecbd1-9a53-48af-bb8c-81ca6a8eedbe","2024-07-25T11:48:11","Cost Optimization","Unused App Service plans driving cost should be avoided","/providers/Microsoft.Management/managementGroups/org-id/providers/Microsoft.Authorization/policyDefinitions/Audit-ServerFarms-UnusedResourcesCostOptimization"
"tenant01","Policy","unknownOwner","02eecbd1-9a53-48af-bb8c-81ca6a8eedbe","2024-07-25T11:38:56","Monitoring","[Deprecated]: Deploy Diagnostic Settings for App Service to Log Analytics workspace","/providers/Microsoft.Management/managementGroups/org-id/providers/Microsoft.Authorization/policyDefinitions/Deploy-Diagnostics-Website"
"tenant01","Policy","unknownOwner","02eecbd1-9a53-48af-bb8c-81ca6a8eedbe","2024-07-25T11:37:26","App Service","Function App should only be accessible over HTTPS","/providers/Microsoft.Management/managementGroups/org-id/providers/Microsoft.Authorization/policyDefinitions/Deny-AppServiceFunctionApp-http"
"tenant01","Policy","unknownOwner","02eecbd1-9a53-48af-bb8c-81ca6a8eedbe","2024-07-25T11:49:44","Network","User Defined Routes with 'Next Hop Type' set to 'Internet' or 'VirtualNetworkGateway' should be denied","/providers/Microsoft.Management/managementGroups/org-id/providers/Microsoft.Authorization/policyDefinitions/Deny-UDR-With-Specific-NextHop"
"tenant01","Policy","unknownOwner","02eecbd1-9a53-48af-bb8c-81ca6a8eedbe","2024-07-25T11:48:13","Network","Subnets should have a Network Security Group","/providers/Microsoft.Management/managementGroups/org-id/providers/Microsoft.Authorization/policyDefinitions/Deny-Subnet-Without-Nsg"
"tenant01","Policy","unknownOwner","02eecbd1-9a53-48af-bb8c-81ca6a8eedbe","2024-07-25T11:28:12","Network","Deploy Azure Firewall Manager policy in the subscription","/providers/Microsoft.Management/managementGroups/org-id/providers/Microsoft.Authorization/policyDefinitions/Deploy-FirewallPolicy"
"tenant01","Policy","unknownOwner","02eecbd1-9a53-48af-bb8c-81ca6a8eedbe","2024-07-25T11:28:10","Storage","Local users should be restricted for Storage Accounts","/providers/Microsoft.Management/managementGroups/org-id/providers/Microsoft.Authorization/policyDefinitions/Deny-Storage-LocalUser"
"tenant01","Policy","unknownOwner","02eecbd1-9a53-48af-bb8c-81ca6a8eedbe","2024-07-25T11:37:26","Guest Configuration","Deploy Windows Domain Join Extension with keyvault configuration","/providers/Microsoft.Management/managementGroups/org-id/providers/Microsoft.Authorization/policyDefinitions/Deploy-Windows-DomainJoin"
"tenant01","Policy","unknownOwner","02eecbd1-9a53-48af-bb8c-81ca6a8eedbe","2024-07-25T11:35:51","SQL","SQL servers deploys a specific min TLS version requirement.","/providers/Microsoft.Management/managementGroups/org-id/providers/Microsoft.Authorization/policyDefinitions/Deploy-SQL-minTLS"
"tenant01","Policy","unknownOwner","02eecbd1-9a53-48af-bb8c-81ca6a8eedbe","2024-07-25T11:40:29","Databricks","Deny non-premium Databricks sku","/providers/Microsoft.Management/managementGroups/org-id/providers/Microsoft.Authorization/policyDefinitions/Deny-Databricks-Sku"
"tenant01","Policy","unknownOwner","02eecbd1-9a53-48af-bb8c-81ca6a8eedbe","2024-07-25T11:32:47","Logic Apps","Logic apps should disable public network access","/providers/Microsoft.Management/managementGroups/org-id/providers/Microsoft.Authorization/policyDefinitions/Deny-LogicApp-Public-Network"
"tenant01","Policy","unknownOwner","02eecbd1-9a53-48af-bb8c-81ca6a8eedbe","2024-07-25T11:45:08","SQL","Azure Database for MySQL server deploy a specific min TLS version and enforce SSL.","/providers/Microsoft.Management/managementGroups/org-id/providers/Microsoft.Authorization/policyDefinitions/Deploy-MySQL-sslEnforcement"
"tenant01","Policy","unknownOwner","02eecbd1-9a53-48af-bb8c-81ca6a8eedbe","2024-07-25T11:49:44","Databricks","Deny Databricks workspaces without Vnet injection","/providers/Microsoft.Management/managementGroups/org-id/providers/Microsoft.Authorization/policyDefinitions/Deny-Databricks-VirtualNetwork"
"tenant01","Policy","unknownOwner","02eecbd1-9a53-48af-bb8c-81ca6a8eedbe","2024-07-25T11:46:40","Databricks","Deny public IPs for Databricks cluster","/providers/Microsoft.Management/managementGroups/org-id/providers/Microsoft.Authorization/policyDefinitions/Deny-Databricks-NoPublicIp"
"tenant01","Policy","unknownOwner","02eecbd1-9a53-48af-bb8c-81ca6a8eedbe","2024-07-25T11:34:20","Key Vault","KeyVault SoftDelete should be enabled","/providers/Microsoft.Management/managementGroups/org-id/providers/Microsoft.Authorization/policyDefinitions/Append-KV-SoftDelete"
"tenant01","Policy","unknownOwner","02eecbd1-9a53-48af-bb8c-81ca6a8eedbe","2024-07-25T11:46:41","Monitoring","[Deprecated]: Deploy Diagnostic Settings for Data Factory to Log Analytics workspace","/providers/Microsoft.Management/managementGroups/org-id/providers/Microsoft.Authorization/policyDefinitions/Deploy-Diagnostics-DataFactory"
"tenant01","Policy","unknownOwner","02eecbd1-9a53-48af-bb8c-81ca6a8eedbe","2024-07-25T11:48:11","Managed Identity","[Deprecated]: Deploy User Assigned Managed Identity for VM Insights","/providers/Microsoft.Management/managementGroups/org-id/providers/Microsoft.Authorization/policyDefinitions/Deploy-UserAssignedManagedIdentity-VMInsights"
"tenant01","Policy","unknownOwner","02eecbd1-9a53-48af-bb8c-81ca6a8eedbe","2024-07-25T11:45:06","Monitoring","[Deprecated]: Deploy Diagnostic Settings for Virtual Machine Scale Sets to Log Analytics workspace","/providers/Microsoft.Management/managementGroups/org-id/providers/Microsoft.Authorization/policyDefinitions/Deploy-Diagnostics-VMSS"
"tenant01","Policy","unknownOwner","02eecbd1-9a53-48af-bb8c-81ca6a8eedbe","2024-07-25T11:37:24","Machine Learning","Enforces high business impact Azure Machine Learning Workspaces","/providers/Microsoft.Management/managementGroups/org-id/providers/Microsoft.Authorization/policyDefinitions/Deny-MachineLearning-HbiWorkspace"
"tenant01","Policy","unknownOwner","02eecbd1-9a53-48af-bb8c-81ca6a8eedbe","2024-07-25T11:45:07","Monitoring","[Deprecated]: Deploy Diagnostic Settings for Virtual Network to Log Analytics workspace","/providers/Microsoft.Management/managementGroups/org-id/providers/Microsoft.Authorization/policyDefinitions/Deploy-Diagnostics-VirtualNetwork"
"tenant01","Policy","unknownOwner","02eecbd1-9a53-48af-bb8c-81ca6a8eedbe","2024-07-25T11:35:52","App Service","AppService append sites with minimum TLS version to enforce.","/providers/Microsoft.Management/managementGroups/org-id/providers/Microsoft.Authorization/policyDefinitions/Append-AppService-latestTLS"
"tenant01","Policy","unknownOwner","02eecbd1-9a53-48af-bb8c-81ca6a8eedbe","2024-07-25T11:34:21","Automation","No child resources in Automation Account","/providers/Microsoft.Management/managementGroups/org-id/providers/Microsoft.Authorization/policyDefinitions/Deny-AA-child-resources"
"tenant01","Policy","unknownOwner","02eecbd1-9a53-48af-bb8c-81ca6a8eedbe","2024-07-25T11:35:52","Budget","Deploy a default budget on all subscriptions under the assigned scope","/providers/Microsoft.Management/managementGroups/org-id/providers/Microsoft.Authorization/policyDefinitions/Deploy-Budget"
"tenant01","Policy","unknownOwner","02eecbd1-9a53-48af-bb8c-81ca6a8eedbe","2024-07-25T11:48:13","Monitoring","[Deprecated]: Deploy Diagnostic Settings for CDN Endpoint to Log Analytics workspace","/providers/Microsoft.Management/managementGroups/org-id/providers/Microsoft.Authorization/policyDefinitions/Deploy-Diagnostics-CDNEndpoints"
"tenant01","Policy","unknownOwner","02eecbd1-9a53-48af-bb8c-81ca6a8eedbe","2024-07-25T11:46:39","Network","[Deprecated] RDP access from the Internet should be blocked","/providers/Microsoft.Management/managementGroups/org-id/providers/Microsoft.Authorization/policyDefinitions/Deny-RDP-From-Internet"
"tenant01","Policy","unknownOwner","02eecbd1-9a53-48af-bb8c-81ca6a8eedbe","2024-07-25T11:31:17","Cognitive Services","Network ACLs should be restricted for Cognitive Services","/providers/Microsoft.Management/managementGroups/org-id/providers/Microsoft.Authorization/policyDefinitions/Deny-CognitiveServices-NetworkAcls"
"tenant01","Policy","unknownOwner","02eecbd1-9a53-48af-bb8c-81ca6a8eedbe","2024-07-25T11:31:17","Network","Audit or Deny the creation of Private Link Private DNS Zones","/providers/Microsoft.Management/managementGroups/org-id/providers/Microsoft.Authorization/policyDefinitions/Audit-PrivateLinkDnsZones"
"tenant01","Policy","unknownOwner","02eecbd1-9a53-48af-bb8c-81ca6a8eedbe","2024-07-25T11:31:17","Security Center","[Deprecated]: Configure SQL Virtual Machines to automatically install Azure Monitor Agent","/providers/Microsoft.Management/managementGroups/org-id/providers/Microsoft.Authorization/policyDefinitions/Deploy-MDFC-SQL-AMA"
"tenant01","Policy","unknownOwner","02eecbd1-9a53-48af-bb8c-81ca6a8eedbe","2024-07-25T11:48:11","Network","Deploy a route table with specific user defined routes","/providers/Microsoft.Management/managementGroups/org-id/providers/Microsoft.Authorization/policyDefinitions/Deploy-Custom-Route-Table"
"tenant01","Policy","unknownOwner","02eecbd1-9a53-48af-bb8c-81ca6a8eedbe","2024-07-25T11:28:11","Monitoring","[Deprecated]: Deploy Diagnostic Settings for Automation to Log Analytics workspace","/providers/Microsoft.Management/managementGroups/org-id/providers/Microsoft.Authorization/policyDefinitions/Deploy-Diagnostics-AA"
"tenant01","Policy","unknownOwner","02eecbd1-9a53-48af-bb8c-81ca6a8eedbe","2024-07-25T11:29:44","App Service","AppService append enable https only setting to enforce https setting.","/providers/Microsoft.Management/managementGroups/org-id/providers/Microsoft.Authorization/policyDefinitions/Append-AppService-httpsonly"
"tenant01","Policy","unknownOwner","02eecbd1-9a53-48af-bb8c-81ca6a8eedbe","2024-07-25T11:45:08","Security Center","[Deprecated]: Configure Arc-enabled SQL Servers to auto install Microsoft Defender for SQL and DCR with a user-defined LAW","/providers/Microsoft.Management/managementGroups/org-id/providers/Microsoft.Authorization/policyDefinitions/Deploy-MDFC-Arc-Sql-DefenderSQL-DCR"
"tenant01","Policy","unknownOwner","02eecbd1-9a53-48af-bb8c-81ca6a8eedbe","2024-07-25T11:45:06","Machine Learning","[Deprecated] Azure Machine Learning should have disabled public network access","/providers/Microsoft.Management/managementGroups/org-id/providers/Microsoft.Authorization/policyDefinitions/Deny-MachineLearning-PublicNetworkAccess"
"tenant01","Policy","unknownOwner","02eecbd1-9a53-48af-bb8c-81ca6a8eedbe","2024-07-25T11:28:12","Machine Learning","Deny public access behind vnet to Azure Machine Learning workspace","/providers/Microsoft.Management/managementGroups/org-id/providers/Microsoft.Authorization/policyDefinitions/Deny-MachineLearning-PublicAccessWhenBehindVnet"
"tenant01","Policy","unknownOwner","02eecbd1-9a53-48af-bb8c-81ca6a8eedbe","2024-07-25T11:37:24","Storage","File Services with insecure Kerberos ticket encryption should be denied","/providers/Microsoft.Management/managementGroups/org-id/providers/Microsoft.Authorization/policyDefinitions/Deny-FileServices-InsecureKerberos"
"tenant01","Policy","unknownOwner","02eecbd1-9a53-48af-bb8c-81ca6a8eedbe","2024-07-25T11:42:01","Monitoring","[Deprecated]: Deploy Diagnostic Settings for SQL Elastic Pools to Log Analytics workspace","/providers/Microsoft.Management/managementGroups/org-id/providers/Microsoft.Authorization/policyDefinitions/Deploy-Diagnostics-SQLElasticPools"
"tenant01","Policy","unknownOwner","02eecbd1-9a53-48af-bb8c-81ca6a8eedbe","2024-07-25T11:45:06","Budget","Limit allowed vm sizes for Azure Machine Learning compute clusters and compute instances","/providers/Microsoft.Management/managementGroups/org-id/providers/Microsoft.Authorization/policyDefinitions/Deny-MachineLearning-Compute-VmSize"
"tenant01","Policy","unknownOwner","02eecbd1-9a53-48af-bb8c-81ca6a8eedbe","2024-07-25T11:32:47","App Service","API App should only be accessible over HTTPS","/providers/Microsoft.Management/managementGroups/org-id/providers/Microsoft.Authorization/policyDefinitions/Deny-AppServiceApiApp-http"
"tenant01","Policy","unknownOwner","02eecbd1-9a53-48af-bb8c-81ca6a8eedbe","2024-07-25T11:46:39","Monitoring","[Deprecated]: Deploy Diagnostic Settings for Azure Data Explorer Cluster to Log Analytics workspace","/providers/Microsoft.Management/managementGroups/org-id/providers/Microsoft.Authorization/policyDefinitions/Deploy-Diagnostics-DataExplorerCluster"
"tenant01","Policy","unknownOwner","02eecbd1-9a53-48af-bb8c-81ca6a8eedbe","2024-07-25T11:42:03","Network","Application Gateway should be deployed with WAF enabled","/providers/Microsoft.Management/managementGroups/org-id/providers/Microsoft.Authorization/policyDefinitions/Deny-AppGW-Without-WAF"
"tenant01","Policy","unknownOwner","02eecbd1-9a53-48af-bb8c-81ca6a8eedbe","2024-07-25T11:42:01","Monitoring","[Deprecated] Deploys NSG flow logs and traffic analytics","/providers/Microsoft.Management/managementGroups/org-id/providers/Microsoft.Authorization/policyDefinitions/Deploy-Nsg-FlowLogs"
"tenant01","Policy","unknownOwner","02eecbd1-9a53-48af-bb8c-81ca6a8eedbe","2024-07-25T11:40:30","Monitoring","[Deprecated] Deploys NSG flow logs and traffic analytics to Log Analytics","/providers/Microsoft.Management/managementGroups/org-id/providers/Microsoft.Authorization/policyDefinitions/Deploy-Nsg-FlowLogs-to-LA"
"tenant01","Policy","unknownOwner","02eecbd1-9a53-48af-bb8c-81ca6a8eedbe","2024-07-25T11:35:51","SQL","[Deprecated] Deploy SQL Database Transparent Data Encryption","/providers/Microsoft.Management/managementGroups/org-id/providers/Microsoft.Authorization/policyDefinitions/Deploy-Sql-Tde"
"tenant01","Policy","unknownOwner","02eecbd1-9a53-48af-bb8c-81ca6a8eedbe","2024-07-25T11:38:58","Monitoring","[Deprecated]: Deploy Diagnostic Settings for VWAN S2S VPN Gateway to Log Analytics workspace","/providers/Microsoft.Management/managementGroups/org-id/providers/Microsoft.Authorization/policyDefinitions/Deploy-Diagnostics-VWanS2SVPNGW"
"tenant01","Policy","unknownOwner","02eecbd1-9a53-48af-bb8c-81ca6a8eedbe","2024-07-25T11:34:20","Storage","Azure Storage deploy a specific min TLS version requirement and enforce SSL/HTTPS ","/providers/Microsoft.Management/managementGroups/org-id/providers/Microsoft.Authorization/policyDefinitions/Deploy-Storage-sslEnforcement"
"tenant01","Policy","unknownOwner","02eecbd1-9a53-48af-bb8c-81ca6a8eedbe","2024-07-25T11:42:03","Network","Deny vNet peering ","/providers/Microsoft.Management/managementGroups/org-id/providers/Microsoft.Authorization/policyDefinitions/Deny-VNet-Peering"
"tenant01","Policy","unknownOwner","02eecbd1-9a53-48af-bb8c-81ca6a8eedbe","2024-07-25T11:43:34","Monitoring","[Deprecated]: Deploy Diagnostic Settings for Container Instances to Log Analytics workspace","/providers/Microsoft.Management/managementGroups/org-id/providers/Microsoft.Authorization/policyDefinitions/Deploy-Diagnostics-ACI"
"tenant01","Policy","unknownOwner","02eecbd1-9a53-48af-bb8c-81ca6a8eedbe","2024-07-25T11:37:26","SQL","PostgreSQL database servers enforce SSL connection.","/providers/Microsoft.Management/managementGroups/org-id/providers/Microsoft.Authorization/policyDefinitions/Deny-PostgreSql-http"
"tenant01","Policy","unknownOwner","02eecbd1-9a53-48af-bb8c-81ca6a8eedbe","2024-07-25T11:46:40","Machine Learning","Control private endpoint connections to Azure Machine Learning","/providers/Microsoft.Management/managementGroups/org-id/providers/Microsoft.Authorization/policyDefinitions/Audit-MachineLearning-PrivateEndpointId"
"tenant01","Policy","unknownOwner","02eecbd1-9a53-48af-bb8c-81ca6a8eedbe","2024-07-25T11:40:29","Network","[Deprecated] Deny the creation of public IP","/providers/Microsoft.Management/managementGroups/org-id/providers/Microsoft.Authorization/policyDefinitions/Deny-PublicIP"
"tenant01","Policy","unknownOwner","02eecbd1-9a53-48af-bb8c-81ca6a8eedbe","2024-07-25T11:35:53","Monitoring","[Deprecated]: Deploy Diagnostic Settings for Power BI Embedded to Log Analytics workspace","/providers/Microsoft.Management/managementGroups/org-id/providers/Microsoft.Authorization/policyDefinitions/Deploy-Diagnostics-PowerBIEmbedded"
"tenant01","Policy","unknownOwner","02eecbd1-9a53-48af-bb8c-81ca6a8eedbe","2024-07-25T11:35:52","App Service","App Service certificates must be stored in Key Vault","/providers/Microsoft.Management/managementGroups/org-id/providers/Microsoft.Authorization/policyDefinitions/Deny-AppService-without-BYOC"
"tenant01","Policy","unknownOwner","02eecbd1-9a53-48af-bb8c-81ca6a8eedbe","2024-07-25T11:32:48","Cache","Azure Cache for Redis Append a specific min TLS version requirement and enforce TLS.","/providers/Microsoft.Management/managementGroups/org-id/providers/Microsoft.Authorization/policyDefinitions/Append-Redis-sslEnforcement"
"tenant01","Policy","unknownOwner","02eecbd1-9a53-48af-bb8c-81ca6a8eedbe","2024-07-25T11:35:52","SQL","[Deprecated]: Deploy SQL Database vulnerability Assessments","/providers/Microsoft.Management/managementGroups/org-id/providers/Microsoft.Authorization/policyDefinitions/Deploy-Sql-vulnerabilityAssessments"
"tenant01","Policy","unknownOwner","02eecbd1-9a53-48af-bb8c-81ca6a8eedbe","2024-07-25T11:29:44","Monitoring","[Deprecated]: Deploy Diagnostic Settings for Azure Function App to Log Analytics workspace","/providers/Microsoft.Management/managementGroups/org-id/providers/Microsoft.Authorization/policyDefinitions/Deploy-Diagnostics-Function"
"tenant01","Policy","unknownOwner","02eecbd1-9a53-48af-bb8c-81ca6a8eedbe","2024-07-25T11:29:43","Monitoring","[Deprecated]: Deploy Diagnostic Settings for SignalR to Log Analytics workspace","/providers/Microsoft.Management/managementGroups/org-id/providers/Microsoft.Authorization/policyDefinitions/Deploy-Diagnostics-SignalR"
"tenant01","Policy","unknownOwner","02eecbd1-9a53-48af-bb8c-81ca6a8eedbe","2024-07-25T11:37:24","Network","Deny vNet peering cross subscription.","/providers/Microsoft.Management/managementGroups/org-id/providers/Microsoft.Authorization/policyDefinitions/Deny-VNET-Peer-Cross-Sub"
"tenant01","Policy","unknownOwner","02eecbd1-9a53-48af-bb8c-81ca6a8eedbe","2024-07-25T11:29:45","Network","Enforce specific configuration of Network Security Groups (NSG)","/providers/Microsoft.Management/managementGroups/org-id/providers/Microsoft.Authorization/policyDefinitions/Modify-NSG"
"tenant01","Policy","unknownOwner","02eecbd1-9a53-48af-bb8c-81ca6a8eedbe","2024-07-25T11:32:49","Security Center","[Deprecated]: Configure SQL Virtual Machines to automatically install Microsoft Defender for SQL","/providers/Microsoft.Management/managementGroups/org-id/providers/Microsoft.Authorization/policyDefinitions/Deploy-MDFC-SQL-DefenderSQL"
"tenant01","Policy","unknownOwner","02eecbd1-9a53-48af-bb8c-81ca6a8eedbe","2024-07-25T11:32:49","Network","Deploy Virtual Network with peering to the hub","/providers/Microsoft.Management/managementGroups/org-id/providers/Microsoft.Authorization/policyDefinitions/Deploy-VNET-HubSpoke"
"tenant01","Policy","unknownOwner","02eecbd1-9a53-48af-bb8c-81ca6a8eedbe","2024-07-25T11:48:13","SQL","SQL Managed Instance should have the minimal TLS version set to the highest version","/providers/Microsoft.Management/managementGroups/org-id/providers/Microsoft.Authorization/policyDefinitions/Deny-SqlMi-minTLS"
"tenant01","Policy","unknownOwner","02eecbd1-9a53-48af-bb8c-81ca6a8eedbe","2024-07-25T11:31:14","Storage","Encryption for storage services should be enforced for Storage Accounts","/providers/Microsoft.Management/managementGroups/org-id/providers/Microsoft.Authorization/policyDefinitions/Deny-Storage-ServicesEncryption"
"tenant01","Policy","unknownOwner","02eecbd1-9a53-48af-bb8c-81ca6a8eedbe","2024-07-25T11:42:01","Network","Azure Firewall should have a default Firewall Policy","/providers/Microsoft.Management/managementGroups/org-id/providers/Microsoft.Authorization/policyDefinitions/Deny-AzFw-Without-Policy"
"tenant01","Policy","unknownOwner","02eecbd1-9a53-48af-bb8c-81ca6a8eedbe","2024-07-25T11:32:49","Monitoring","[Deprecated]: Deploy Diagnostic Settings for Event Grid System Topic to Log Analytics workspace","/providers/Microsoft.Management/managementGroups/org-id/providers/Microsoft.Authorization/policyDefinitions/Deploy-Diagnostics-EventGridSystemTopic"
"tenant01","Policy","unknownOwner","02eecbd1-9a53-48af-bb8c-81ca6a8eedbe","2024-07-25T11:34:19","Monitoring","[Deprecated]: Deploy Diagnostic Settings for Cognitive Services to Log Analytics workspace","/providers/Microsoft.Management/managementGroups/org-id/providers/Microsoft.Authorization/policyDefinitions/Deploy-Diagnostics-CognitiveServices"
"tenant01","Policy","unknownOwner","02eecbd1-9a53-48af-bb8c-81ca6a8eedbe","2024-07-25T11:46:40","Monitoring","[Deprecated]: Deploy Diagnostic Settings for Log Analytics to Log Analytics workspace","/providers/Microsoft.Management/managementGroups/org-id/providers/Microsoft.Authorization/policyDefinitions/Deploy-Diagnostics-LogAnalytics"
"tenant01","Policy","unknownOwner","02eecbd1-9a53-48af-bb8c-81ca6a8eedbe","2024-07-25T11:32:49","API Management","API Management services should use TLS version 1.2","/providers/Microsoft.Management/managementGroups/org-id/providers/Microsoft.Authorization/policyDefinitions/Deny-APIM-TLS"
"tenant01","Policy","unknownOwner","02eecbd1-9a53-48af-bb8c-81ca6a8eedbe","2024-07-25T11:26:40","Security Center","Deploy Microsoft Defender for Cloud Security Contacts","/providers/Microsoft.Management/managementGroups/org-id/providers/Microsoft.Authorization/policyDefinitions/Deploy-ASC-SecurityContacts"
"tenant01","Policy","unknownOwner","02eecbd1-9a53-48af-bb8c-81ca6a8eedbe","2024-07-25T11:31:16","App Service","Web Application should only be accessible over HTTPS","/providers/Microsoft.Management/managementGroups/org-id/providers/Microsoft.Authorization/policyDefinitions/Deny-AppServiceWebApp-http"
"tenant01","Policy","unknownOwner","02eecbd1-9a53-48af-bb8c-81ca6a8eedbe","2024-07-25T11:29:42","Storage","Allowed Copy scope should be restricted for Storage Accounts","/providers/Microsoft.Management/managementGroups/org-id/providers/Microsoft.Authorization/policyDefinitions/Deny-Storage-CopyScope"
"tenant01","Policy","unknownOwner","02eecbd1-9a53-48af-bb8c-81ca6a8eedbe","2024-07-25T11:28:11","Monitoring","[Deprecated]: Deploy Diagnostic Settings for Network Security Groups to Log Analytics workspace","/providers/Microsoft.Management/managementGroups/org-id/providers/Microsoft.Authorization/policyDefinitions/Deploy-Diagnostics-NetworkSecurityGroups"
"tenant01","Policy","unknownOwner","02eecbd1-9a53-48af-bb8c-81ca6a8eedbe","2024-07-25T11:40:30","Cache","Azure Cache for Redis only secure connections should be enabled","/providers/Microsoft.Management/managementGroups/org-id/providers/Microsoft.Authorization/policyDefinitions/Deny-Redis-http"
"tenant01","Policy","unknownOwner","02eecbd1-9a53-48af-bb8c-81ca6a8eedbe","2024-07-25T11:40:30","Monitoring","[Deprecated]: Deploy Diagnostic Settings for Azure API for FHIR to Log Analytics workspace","/providers/Microsoft.Management/managementGroups/org-id/providers/Microsoft.Authorization/policyDefinitions/Deploy-Diagnostics-ApiForFHIR"
"tenant01","Policy","unknownOwner","02eecbd1-9a53-48af-bb8c-81ca6a8eedbe","2024-07-25T11:40:29","Budget","Enforce scale settings for Azure Machine Learning compute clusters","/providers/Microsoft.Management/managementGroups/org-id/providers/Microsoft.Authorization/policyDefinitions/Deny-MachineLearning-ComputeCluster-Scale"
"tenant01","Policy","unknownOwner","02eecbd1-9a53-48af-bb8c-81ca6a8eedbe","2024-07-25T11:34:19","Monitoring","[Deprecated]: Deploy Diagnostic Settings for Databricks to Log Analytics workspace","/providers/Microsoft.Management/managementGroups/org-id/providers/Microsoft.Authorization/policyDefinitions/Deploy-Diagnostics-Databricks"
"tenant01","Policy","unknownOwner","02eecbd1-9a53-48af-bb8c-81ca6a8eedbe","2024-07-25T11:38:58","Monitoring","[Deprecated]: Deploy Diagnostic Settings for Network Interfaces to Log Analytics workspace","/providers/Microsoft.Management/managementGroups/org-id/providers/Microsoft.Authorization/policyDefinitions/Deploy-Diagnostics-NIC"
"tenant01","Policy","unknownOwner","02eecbd1-9a53-48af-bb8c-81ca6a8eedbe","2024-07-25T11:37:25","SQL","[Deprecated] Public network access should be disabled for MariaDB","/providers/Microsoft.Management/managementGroups/org-id/providers/Microsoft.Authorization/policyDefinitions/Deny-PublicEndpoint-MariaDB"
"tenant01","Policy","unknownOwner","02eecbd1-9a53-48af-bb8c-81ca6a8eedbe","2024-07-25T11:48:11","Event Hub","Event Hub namespaces should use a valid TLS version","/providers/Microsoft.Management/managementGroups/org-id/providers/Microsoft.Authorization/policyDefinitions/Deny-EH-minTLS"
"tenant01","Policy","unknownOwner","02eecbd1-9a53-48af-bb8c-81ca6a8eedbe","2024-07-25T11:28:12","Monitoring","[Deprecated]: Deploy Diagnostic Settings for Azure Bastion to Log Analytics workspace","/providers/Microsoft.Management/managementGroups/org-id/providers/Microsoft.Authorization/policyDefinitions/Deploy-Diagnostics-Bastion"
"tenant01","Policy","unknownOwner","02eecbd1-9a53-48af-bb8c-81ca6a8eedbe","2024-07-25T11:42:03","Storage","[Deprecated] Storage Account set to minimum TLS and Secure transfer should be enabled","/providers/Microsoft.Management/managementGroups/org-id/providers/Microsoft.Authorization/policyDefinitions/Deny-Storage-minTLS"
"tenant01","Policy","unknownOwner","02eecbd1-9a53-48af-bb8c-81ca6a8eedbe","2024-07-25T11:43:34","Monitoring","DenyAction implementation on Diagnostic Logs.","/providers/Microsoft.Management/managementGroups/org-id/providers/Microsoft.Authorization/policyDefinitions/DenyAction-DiagnosticLogs"
"tenant01","Policy","unknownOwner","02eecbd1-9a53-48af-bb8c-81ca6a8eedbe","2024-07-25T11:38:58","Monitoring","[Deprecated]: Deploy Diagnostic Settings for Load Balancer to Log Analytics workspace","/providers/Microsoft.Management/managementGroups/org-id/providers/Microsoft.Authorization/policyDefinitions/Deploy-Diagnostics-LoadBalancer"
"tenant01","Policy","unknownOwner","02eecbd1-9a53-48af-bb8c-81ca6a8eedbe","2024-07-25T11:29:42","Monitoring","[Deprecated]: Deploy Diagnostic Settings for Azure Media Service to Log Analytics workspace","/providers/Microsoft.Management/managementGroups/org-id/providers/Microsoft.Authorization/policyDefinitions/Deploy-Diagnostics-MediaService"
"tenant01","Policy","unknownOwner","02eecbd1-9a53-48af-bb8c-81ca6a8eedbe","2024-07-25T11:43:35","Monitoring","[Deprecated]: Deploy Diagnostic Settings for Relay to Log Analytics workspace","/providers/Microsoft.Management/managementGroups/org-id/providers/Microsoft.Authorization/policyDefinitions/Deploy-Diagnostics-Relay"
"tenant01","Policy","unknownOwner","02eecbd1-9a53-48af-bb8c-81ca6a8eedbe","2024-07-25T11:35:53","Network","Deny vNet peering to non-approved vNets","/providers/Microsoft.Management/managementGroups/org-id/providers/Microsoft.Authorization/policyDefinitions/Deny-VNET-Peering-To-Non-Approved-VNETs"
"tenant01","Policy","unknownOwner","02eecbd1-9a53-48af-bb8c-81ca6a8eedbe","2024-07-25T11:45:06","Network","Management port access from the Internet should be blocked","/providers/Microsoft.Management/managementGroups/org-id/providers/Microsoft.Authorization/policyDefinitions/Deny-MgmtPorts-From-Internet"
"tenant01","Policy","unknownOwner","02eecbd1-9a53-48af-bb8c-81ca6a8eedbe","2024-07-25T11:46:39","Cost Optimization","Unused Public IP addresses driving cost should be avoided","/providers/Microsoft.Management/managementGroups/org-id/providers/Microsoft.Authorization/policyDefinitions/Audit-PublicIpAddresses-UnusedResourcesCostOptimization"
"tenant01","Policy","unknownOwner","02eecbd1-9a53-48af-bb8c-81ca6a8eedbe","2024-07-25T11:32:46","Storage","Storage Accounts should restrict CORS rules","/providers/Microsoft.Management/managementGroups/org-id/providers/Microsoft.Authorization/policyDefinitions/Deny-Storage-CorsRules"
"tenant01","Policy","unknownOwner","02eecbd1-9a53-48af-bb8c-81ca6a8eedbe","2024-07-25T11:37:25","Storage","Virtual network rules should be restricted for Storage Accounts","/providers/Microsoft.Management/managementGroups/org-id/providers/Microsoft.Authorization/policyDefinitions/Deny-Storage-NetworkAclsVirtualNetworkRules"
"tenant01","Policy Set","unknownOwner","02eecbd1-9a53-48af-bb8c-81ca6a8eedbe","2024-07-25T11:53:21","Cost Optimization","Unused resources driving cost should be avoided","/providers/Microsoft.Management/managementGroups/org-id/providers/Microsoft.Authorization/policySetDefinitions/Audit-UnusedResourcesCostOptimization"
"tenant01","Policy Set","unknownOwner","02eecbd1-9a53-48af-bb8c-81ca6a8eedbe","2024-07-25T11:54:56","Cognitive Services","Enforce recommended guardrails for Cognitive Services","/providers/Microsoft.Management/managementGroups/org-id/providers/Microsoft.Authorization/policySetDefinitions/Enforce-Guardrails-CognitiveServices"
"tenant01","Policy Set","unknownOwner","02eecbd1-9a53-48af-bb8c-81ca6a8eedbe","2024-07-25T11:53:22","Kubernetes","Enforce recommended guardrails for Kubernetes","/providers/Microsoft.Management/managementGroups/org-id/providers/Microsoft.Authorization/policySetDefinitions/Enforce-Guardrails-Kubernetes"
"tenant01","Policy Set","unknownOwner","02eecbd1-9a53-48af-bb8c-81ca6a8eedbe","2024-07-25T11:51:49","Network","Configure Azure PaaS services to use private DNS zones","/providers/Microsoft.Management/managementGroups/org-id/providers/Microsoft.Authorization/policySetDefinitions/Deploy-Private-DNS-Zones"
"tenant01","Policy Set","unknownOwner","02eecbd1-9a53-48af-bb8c-81ca6a8eedbe","2024-07-25T11:54:55","MySQL","Enforce recommended guardrails for MySQL","/providers/Microsoft.Management/managementGroups/org-id/providers/Microsoft.Authorization/policySetDefinitions/Enforce-Guardrails-MySQL"
"tenant01","Policy Set","unknownOwner","02eecbd1-9a53-48af-bb8c-81ca6a8eedbe","2024-07-25T11:53:21","Security Center","[Deprecated]: Deploy Microsoft Defender for Cloud configuration","/providers/Microsoft.Management/managementGroups/org-id/providers/Microsoft.Authorization/policySetDefinitions/Deploy-MDFC-Config"
"tenant01","Policy Set","unknownOwner","02eecbd1-9a53-48af-bb8c-81ca6a8eedbe","2024-07-25T11:56:28","Decommissioned","Enforce policies in the Decommissioned Landing Zone","/providers/Microsoft.Management/managementGroups/org-id/providers/Microsoft.Authorization/policySetDefinitions/Enforce-ALZ-Decomm"
"tenant01","Policy Set","unknownOwner","02eecbd1-9a53-48af-bb8c-81ca6a8eedbe","2024-07-25T11:56:28","SQL","Deploy SQL Database built-in SQL security configuration","/providers/Microsoft.Management/managementGroups/org-id/providers/Microsoft.Authorization/policySetDefinitions/Deploy-Sql-Security_20240529"
"tenant01","Policy Set","unknownOwner","02eecbd1-9a53-48af-bb8c-81ca6a8eedbe","2024-07-25T11:58:02","Monitoring","[Deprecated]: Deploy Diagnostic Settings to Azure Services","/providers/Microsoft.Management/managementGroups/org-id/providers/Microsoft.Authorization/policySetDefinitions/Deploy-Diagnostics-LogAnalytics"
"tenant01","Policy Set","unknownOwner","02eecbd1-9a53-48af-bb8c-81ca6a8eedbe","2024-07-25T11:54:55","Sandbox","Enforce policies in the Sandbox Landing Zone","/providers/Microsoft.Management/managementGroups/org-id/providers/Microsoft.Authorization/policySetDefinitions/Enforce-ALZ-Sandbox"
"tenant01","Policy Set","unknownOwner","02eecbd1-9a53-48af-bb8c-81ca6a8eedbe","2024-07-25T11:51:49","Event Grid","Enforce recommended guardrails for Event Grid","/providers/Microsoft.Management/managementGroups/org-id/providers/Microsoft.Authorization/policySetDefinitions/Enforce-Guardrails-EventGrid"
"tenant01","Policy Set","unknownOwner","02eecbd1-9a53-48af-bb8c-81ca6a8eedbe","2024-07-25T11:54:54","Automation","Enforce recommended guardrails for Automation Account","/providers/Microsoft.Management/managementGroups/org-id/providers/Microsoft.Authorization/policySetDefinitions/Enforce-Guardrails-Automation"
"tenant01","Policy Set","unknownOwner","02eecbd1-9a53-48af-bb8c-81ca6a8eedbe","2024-07-25T11:56:28","Container Registry","Enforce recommended guardrails for Container Registry","/providers/Microsoft.Management/managementGroups/org-id/providers/Microsoft.Authorization/policySetDefinitions/Enforce-Guardrails-ContainerRegistry"
"tenant01","Policy Set","unknownOwner","02eecbd1-9a53-48af-bb8c-81ca6a8eedbe","2024-07-25T11:51:49","Encryption","[Deprecated]: Deny or Deploy and append TLS requirements and SSL enforcement on resources without Encryption in transit","/providers/Microsoft.Management/managementGroups/org-id/providers/Microsoft.Authorization/policySetDefinitions/Enforce-EncryptTransit"
"tenant01","Policy Set","unknownOwner","02eecbd1-9a53-48af-bb8c-81ca6a8eedbe","2024-07-25T11:54:55","SQL","[Deprecated]: Deploy SQL Database built-in SQL security configuration","/providers/Microsoft.Management/managementGroups/org-id/providers/Microsoft.Authorization/policySetDefinitions/Deploy-Sql-Security"
"tenant01","Policy Set","unknownOwner","02eecbd1-9a53-48af-bb8c-81ca6a8eedbe","2024-07-25T11:53:22","App Service","Enforce recommended guardrails for App Service","/providers/Microsoft.Management/managementGroups/org-id/providers/Microsoft.Authorization/policySetDefinitions/Enforce-Guardrails-AppServices"
"tenant01","Policy Set","unknownOwner","02eecbd1-9a53-48af-bb8c-81ca6a8eedbe","2024-07-25T11:56:29","Encryption","Deny or Audit resources without Encryption with a customer-managed key (CMK)","/providers/Microsoft.Management/managementGroups/org-id/providers/Microsoft.Authorization/policySetDefinitions/Enforce-Encryption-CMK"
"tenant01","Policy Set","unknownOwner","02eecbd1-9a53-48af-bb8c-81ca6a8eedbe","2024-07-25T11:58:01","Container Instances","Enforce recommended guardrails for Container Instance","/providers/Microsoft.Management/managementGroups/org-id/providers/Microsoft.Authorization/policySetDefinitions/Enforce-Guardrails-ContainerInstance"
"tenant01","Policy Set","unknownOwner","02eecbd1-9a53-48af-bb8c-81ca6a8eedbe","2024-07-25T11:58:01","Backup","Enforce enhanced recovery and backup policies","/providers/Microsoft.Management/managementGroups/org-id/providers/Microsoft.Authorization/policySetDefinitions/Enforce-Backup"
"tenant01","Policy Set","unknownOwner","02eecbd1-9a53-48af-bb8c-81ca6a8eedbe","2024-07-25T11:51:48","Trusted Launch","Audit virtual machines for Trusted Launch support","/providers/Microsoft.Management/managementGroups/org-id/providers/Microsoft.Authorization/policySetDefinitions/Audit-TrustedLaunch"
"tenant01","Policy Set","unknownOwner","02eecbd1-9a53-48af-bb8c-81ca6a8eedbe","2024-07-25T11:54:54","Synapse","Enforce recommended guardrails for Synapse workspaces","/providers/Microsoft.Management/managementGroups/org-id/providers/Microsoft.Authorization/policySetDefinitions/Enforce-Guardrails-Synapse"
"tenant01","Policy Set","unknownOwner","02eecbd1-9a53-48af-bb8c-81ca6a8eedbe","2024-07-25T11:56:28","Event Hub","Enforce recommended guardrails for Event Hub","/providers/Microsoft.Management/managementGroups/org-id/providers/Microsoft.Authorization/policySetDefinitions/Enforce-Guardrails-EventHub"
"tenant01","Policy Set","unknownOwner","02eecbd1-9a53-48af-bb8c-81ca6a8eedbe","2024-07-25T11:51:49","Cognitive Services","Enforce recommended guardrails for Open AI (Cognitive Service)","/providers/Microsoft.Management/managementGroups/org-id/providers/Microsoft.Authorization/policySetDefinitions/Enforce-Guardrails-OpenAI"
"tenant01","Policy Set","unknownOwner","02eecbd1-9a53-48af-bb8c-81ca6a8eedbe","2024-07-25T11:56:28","Storage","Enforce recommended guardrails for Storage Account","/providers/Microsoft.Management/managementGroups/org-id/providers/Microsoft.Authorization/policySetDefinitions/Enforce-Guardrails-Storage"
"tenant01","Policy Set","unknownOwner","02eecbd1-9a53-48af-bb8c-81ca6a8eedbe","2024-07-25T11:53:22","Security Center","[Deprecated]: Configure SQL VM and Arc-enabled SQL Servers to install Microsoft Defender for SQL and AMA with a user-defined LAW","/providers/Microsoft.Management/managementGroups/org-id/providers/Microsoft.Authorization/policySetDefinitions/Deploy-MDFC-DefenderSQL-AMA"
"tenant01","Policy Set","unknownOwner","02eecbd1-9a53-48af-bb8c-81ca6a8eedbe","2024-07-25T11:54:55","Azure Data Explorer","Enforce recommended guardrails for Data Explorer","/providers/Microsoft.Management/managementGroups/org-id/providers/Microsoft.Authorization/policySetDefinitions/Enforce-Guardrails-DataExplorer"
"tenant01","Policy Set","unknownOwner","02eecbd1-9a53-48af-bb8c-81ca6a8eedbe","2024-07-25T11:53:22","Cosmos DB","Enforce recommended guardrails for Cosmos DB","/providers/Microsoft.Management/managementGroups/org-id/providers/Microsoft.Authorization/policySetDefinitions/Enforce-Guardrails-CosmosDb"
"tenant01","Policy Set","unknownOwner","02eecbd1-9a53-48af-bb8c-81ca6a8eedbe","2024-07-25T11:53:22","API Management","Enforce recommended guardrails for API Management","/providers/Microsoft.Management/managementGroups/org-id/providers/Microsoft.Authorization/policySetDefinitions/Enforce-Guardrails-APIM"
"tenant01","Policy Set","unknownOwner","02eecbd1-9a53-48af-bb8c-81ca6a8eedbe","2024-07-25T11:51:49","Encryption","Deny or Deploy and append TLS requirements and SSL enforcement on resources without Encryption in transit","/providers/Microsoft.Management/managementGroups/org-id/providers/Microsoft.Authorization/policySetDefinitions/Enforce-EncryptTransit_20240509"
"tenant01","Policy Set","unknownOwner","02eecbd1-9a53-48af-bb8c-81ca6a8eedbe","2024-07-25T11:54:55","Machine Learning","Enforce recommended guardrails for Machine Learning","/providers/Microsoft.Management/managementGroups/org-id/providers/Microsoft.Authorization/policySetDefinitions/Enforce-Guardrails-MachineLearning"
"tenant01","Policy Set","unknownOwner","02eecbd1-9a53-48af-bb8c-81ca6a8eedbe","2024-07-25T11:51:48","Data Factory","Enforce recommended guardrails for Data Factory","/providers/Microsoft.Management/managementGroups/org-id/providers/Microsoft.Authorization/policySetDefinitions/Enforce-Guardrails-DataFactory"
"tenant01","Policy Set","unknownOwner","02eecbd1-9a53-48af-bb8c-81ca6a8eedbe","2024-07-25T11:53:22","PostgreSQL","Enforce recommended guardrails for PostgreSQL","/providers/Microsoft.Management/managementGroups/org-id/providers/Microsoft.Authorization/policySetDefinitions/Enforce-Guardrails-PostgreSQL"
"tenant01","Policy Set","unknownOwner","02eecbd1-9a53-48af-bb8c-81ca6a8eedbe","2024-07-25T11:56:28","Container Apps","Enforce recommended guardrails for Container Apps","/providers/Microsoft.Management/managementGroups/org-id/providers/Microsoft.Authorization/policySetDefinitions/Enforce-Guardrails-ContainerApps"
"tenant01","Policy Set","unknownOwner","02eecbd1-9a53-48af-bb8c-81ca6a8eedbe","2024-07-25T11:58:01","Key Vault","Enforce additional recommended guardrails for Key Vault","/providers/Microsoft.Management/managementGroups/org-id/providers/Microsoft.Authorization/policySetDefinitions/Enforce-Guardrails-KeyVault-Sup"
"tenant01","Policy Set","unknownOwner","02eecbd1-9a53-48af-bb8c-81ca6a8eedbe","2024-07-25T11:53:22","Security Center","Configure periodic checking for missing system updates on azure virtual machines and Arc-enabled virtual machines","/providers/Microsoft.Management/managementGroups/org-id/providers/Microsoft.Authorization/policySetDefinitions/Deploy-AUM-CheckUpdates"
"tenant01","Policy Set","unknownOwner","02eecbd1-9a53-48af-bb8c-81ca6a8eedbe","2024-07-25T11:58:01","Desktop Virtualization","Enforce recommended guardrails for Virtual Desktop","/providers/Microsoft.Management/managementGroups/org-id/providers/Microsoft.Authorization/policySetDefinitions/Enforce-Guardrails-VirtualDesktop"
"tenant01","Policy Set","unknownOwner","02eecbd1-9a53-48af-bb8c-81ca6a8eedbe","2024-07-25T11:54:55","Security Center","Deploy Microsoft Defender for Cloud configuration","/providers/Microsoft.Management/managementGroups/org-id/providers/Microsoft.Authorization/policySetDefinitions/Deploy-MDFC-Config_20240319"
"tenant01","Policy Set","unknownOwner","02eecbd1-9a53-48af-bb8c-81ca6a8eedbe","2024-07-25T11:56:28","Compute","Enforce recommended guardrails for Compute","/providers/Microsoft.Management/managementGroups/org-id/providers/Microsoft.Authorization/policySetDefinitions/Enforce-Guardrails-Compute"
"tenant01","Policy Set","unknownOwner","02eecbd1-9a53-48af-bb8c-81ca6a8eedbe","2024-07-25T11:51:49","Monitoring","DenyAction Delete - Activity Log Settings and Diagnostic Settings","/providers/Microsoft.Management/managementGroups/org-id/providers/Microsoft.Authorization/policySetDefinitions/DenyAction-DeleteProtection"
"tenant01","Policy Set","unknownOwner","02eecbd1-9a53-48af-bb8c-81ca6a8eedbe","2024-07-25T11:54:55","Service Bus","Enforce recommended guardrails for Service Bus","/providers/Microsoft.Management/managementGroups/org-id/providers/Microsoft.Authorization/policySetDefinitions/Enforce-Guardrails-ServiceBus"
"tenant01","Policy Set","unknownOwner","02eecbd1-9a53-48af-bb8c-81ca6a8eedbe","2024-07-25T11:56:28","SQL","Enforce recommended guardrails for SQL and SQL Managed Instance","/providers/Microsoft.Management/managementGroups/org-id/providers/Microsoft.Authorization/policySetDefinitions/Enforce-Guardrails-SQL"
"tenant01","Policy Set","unknownOwner","02eecbd1-9a53-48af-bb8c-81ca6a8eedbe","2024-07-25T11:51:49","Key Vault","Enforce recommended guardrails for Azure Key Vault","/providers/Microsoft.Management/managementGroups/org-id/providers/Microsoft.Authorization/policySetDefinitions/Enforce-Guardrails-KeyVault"
"tenant01","Policy Set","unknownOwner","02eecbd1-9a53-48af-bb8c-81ca6a8eedbe","2024-07-25T11:51:48","Guest Configuration","Enforce Azure Compute Security Benchmark compliance auditing","/providers/Microsoft.Management/managementGroups/org-id/providers/Microsoft.Authorization/policySetDefinitions/Enforce-ACSB"
"tenant01","Policy Set","unknownOwner","02eecbd1-9a53-48af-bb8c-81ca6a8eedbe","2024-07-25T11:56:28","Network","Enforce recommended guardrails for Network and Networking services","/providers/Microsoft.Management/managementGroups/org-id/providers/Microsoft.Authorization/policySetDefinitions/Enforce-Guardrails-Network"
"tenant01","Policy Set","unknownOwner","02eecbd1-9a53-48af-bb8c-81ca6a8eedbe","2024-07-25T11:53:22","Network","Public network access should be disabled for PaaS services","/providers/Microsoft.Management/managementGroups/org-id/providers/Microsoft.Authorization/policySetDefinitions/Deny-PublicPaaSEndpoints"
"tenant01","Assignment(Policy-Builtin)","unknownOwner","02eecbd1-9a53-48af-bb8c-81ca6a8eedbe","2024-07-25T12:01:44","","Configure Azure Activity logs to stream to specified Log Analytics workspace","/providers/Microsoft.Management/managementGroups/org-id/providers/Microsoft.Authorization/policyAssignments/Deploy-AzActivity-Log"
"tenant01","Assignment(PolicySet-Builtin)","unknownOwner","02eecbd1-9a53-48af-bb8c-81ca6a8eedbe","2024-07-25T12:06:42","","[Preview]: Deploy Microsoft Defender for Endpoint agent","/providers/Microsoft.Management/managementGroups/org-id/providers/Microsoft.Authorization/policyAssignments/Deploy-MDEndpoints"
"tenant01","Assignment(Policy-Builtin)","unknownOwner","02eecbd1-9a53-48af-bb8c-81ca6a8eedbe","2024-07-25T12:05:02","","Resource Group and Resource locations should match","/providers/Microsoft.Management/managementGroups/org-id/providers/Microsoft.Authorization/policyAssignments/Audit-ResourceRGLocation"
"tenant01","Assignment(PolicySet-Builtin)","unknownOwner","5b78eb55-3d4e-49c7-b443-a90799761640","2024-07-17T04:01:15","","ASC Default (subscription: 1c083bf3-30ac-4804-aa81-afddc58c78dc)","/subscriptions/1c083bf3-30ac-4804-aa81-afddc58c78dc/providers/Microsoft.Authorization/policyAssignments/SecurityCenterBuiltIn"
"tenant01","Assignment(Policy-Custom)","unknownOwner","02eecbd1-9a53-48af-bb8c-81ca6a8eedbe","2024-07-25T12:08:20","","Management port access from the Internet should be blocked","/providers/Microsoft.Management/managementGroups/org-id-landing-zones/providers/Microsoft.Authorization/policyAssignments/Deny-MgmtPorts-Internet"
"tenant01","Assignment(Policy-Builtin)","unknownOwner","02eecbd1-9a53-48af-bb8c-81ca6a8eedbe","2024-07-25T12:03:23","","Deny the creation of public IP","/providers/Microsoft.Management/managementGroups/org-id-identity/providers/Microsoft.Authorization/policyAssignments/Deny-Public-IP"
"tenant01","Assignment(PolicySet-Builtin)","unknownOwner","02eecbd1-9a53-48af-bb8c-81ca6a8eedbe","2024-07-25T12:08:21","","Enable Azure Monitor for Hybrid Virtual Machines","/providers/Microsoft.Management/managementGroups/org-id-landing-zones/providers/Microsoft.Authorization/policyAssignments/Deploy-vmHybr-Monitoring"
"tenant01","Assignment(Policy-Builtin)","unknownOwner","02eecbd1-9a53-48af-bb8c-81ca6a8eedbe","2024-07-25T12:05:03","","Deny the deployment of vWAN/ER/VPN gateway resources","/providers/Microsoft.Management/managementGroups/org-id-corp/providers/Microsoft.Authorization/policyAssignments/Deny-HybridNetworking"
"tenant01","Assignment(PolicySet-Builtin)","unknownOwner","02eecbd1-9a53-48af-bb8c-81ca6a8eedbe","2024-07-25T12:08:21","","Resources should be Zone Resilient","/providers/Microsoft.Management/managementGroups/org-id/providers/Microsoft.Authorization/policyAssignments/Audit-ZoneResiliency"
"tenant01","Assignment(PolicySet-Custom)","unknownOwner","02eecbd1-9a53-48af-bb8c-81ca6a8eedbe","2024-07-25T12:08:21","","Configure Azure PaaS services to use private DNS zones","/providers/Microsoft.Management/managementGroups/org-id-corp/providers/Microsoft.Authorization/policyAssignments/Deploy-Private-DNS-Zones"
"tenant01","Assignment(Policy-Builtin)","unknownOwner","02eecbd1-9a53-48af-bb8c-81ca6a8eedbe","2024-07-25T12:03:23","","Deny network interfaces having a public IP associated","/providers/Microsoft.Management/managementGroups/org-id-corp/providers/Microsoft.Authorization/policyAssignments/Deny-Public-IP-On-NIC"
"tenant01","Assignment(Policy-Builtin)","unknownOwner","02eecbd1-9a53-48af-bb8c-81ca6a8eedbe","2024-07-25T12:01:44","","Deploy Azure Policy Add-on to Azure Kubernetes Service clusters","/providers/Microsoft.Management/managementGroups/org-id-landing-zones/providers/Microsoft.Authorization/policyAssignments/Deploy-AKS-Policy"
"tenant01","Assignment(Policy-Builtin)","unknownOwner","02eecbd1-9a53-48af-bb8c-81ca6a8eedbe","2024-07-25T12:06:42","","Virtual networks should be protected by Azure DDoS Network Protection","/providers/Microsoft.Management/managementGroups/org-id-landing-zones/providers/Microsoft.Authorization/policyAssignments/Enable-DDoS-VNET"
"tenant01","Assignment(PolicySet-Custom)","unknownOwner","02eecbd1-9a53-48af-bb8c-81ca6a8eedbe","2024-07-25T12:00:05","","Deploy Microsoft Defender for Cloud configuration","/providers/Microsoft.Management/managementGroups/org-id/providers/Microsoft.Authorization/policyAssignments/Deploy-MDFC-Config-H224"
"tenant01","Assignment(Policy-Builtin)","unknownOwner","02eecbd1-9a53-48af-bb8c-81ca6a8eedbe","2024-07-25T12:03:23","","Deny virtual machines and virtual machine scale sets that do not use managed disk","/providers/Microsoft.Management/managementGroups/org-id/providers/Microsoft.Authorization/policyAssignments/Deny-UnmanagedDisk"
"tenant01","Assignment(PolicySet-Custom)","unknownOwner","02eecbd1-9a53-48af-bb8c-81ca6a8eedbe","2024-07-25T12:08:21","","Enforce ALZ Sandbox Guardrails","/providers/Microsoft.Management/managementGroups/org-id-sandboxes/providers/Microsoft.Authorization/policyAssignments/Enforce-ALZ-Sandbox"
"tenant01","Assignment(Policy-Builtin)","unknownOwner","02eecbd1-9a53-48af-bb8c-81ca6a8eedbe","2024-07-25T12:00:05","","Kubernetes clusters should not allow container privilege escalation","/providers/Microsoft.Management/managementGroups/org-id-landing-zones/providers/Microsoft.Authorization/policyAssignments/Deny-Priv-Esc-AKS"
"tenant01","Assignment(PolicySet-Builtin)","unknownOwner","02eecbd1-9a53-48af-bb8c-81ca6a8eedbe","2024-07-25T12:03:25","","Enable allLogs category group resource logging for supported resources to Log Analytics","/providers/Microsoft.Management/managementGroups/org-id/providers/Microsoft.Authorization/policyAssignments/Deploy-Diag-Logs"
"tenant01","Assignment(PolicySet-Custom)","unknownOwner","02eecbd1-9a53-48af-bb8c-81ca6a8eedbe","2024-07-25T12:08:20","","Enforce enhanced recovery and backup policies","/providers/Microsoft.Management/managementGroups/org-id-platform/providers/Microsoft.Authorization/policyAssignments/Enforce-ASR"
"tenant01","Assignment(Policy-Custom)","unknownOwner","02eecbd1-9a53-48af-bb8c-81ca6a8eedbe","2024-07-25T12:05:03","","Do not allow deletion of the User Assigned Managed Identity used by AMA","/providers/Microsoft.Management/managementGroups/org-id-platform/providers/Microsoft.Authorization/policyAssignments/DenyAction-DeleteUAMIAMA"
"tenant01","Assignment(PolicySet-Builtin)","unknownOwner","02eecbd1-9a53-48af-bb8c-81ca6a8eedbe","2024-07-25T12:01:44","","Enable ChangeTracking and Inventory for virtual machine scale sets","/providers/Microsoft.Management/managementGroups/org-id-platform/providers/Microsoft.Authorization/policyAssignments/Deploy-VMSS-ChangeTrack"
"tenant01","Assignment(Policy-Builtin)","unknownOwner","02eecbd1-9a53-48af-bb8c-81ca6a8eedbe","2024-07-25T12:08:20","","Web Application Firewall (WAF) should be enabled for Application Gateway","/providers/Microsoft.Management/managementGroups/org-id-landing-zones/providers/Microsoft.Authorization/policyAssignments/Audit-AppGW-WAF"
"tenant01","Assignment(Policy-Custom)","unknownOwner","02eecbd1-9a53-48af-bb8c-81ca6a8eedbe","2024-07-25T12:06:42","","Audit Private Link Private DNS Zone resources","/providers/Microsoft.Management/managementGroups/org-id-corp/providers/Microsoft.Authorization/policyAssignments/Audit-PeDnsZones"
"tenant01","Assignment(PolicySet-Custom)","unknownOwner","02eecbd1-9a53-48af-bb8c-81ca6a8eedbe","2024-07-25T12:06:41","","Unused resources driving cost should be avoided","/providers/Microsoft.Management/managementGroups/org-id/providers/Microsoft.Authorization/policyAssignments/Audit-UnusedResources"
"tenant01","Assignment(Policy-Builtin)","unknownOwner","02eecbd1-9a53-48af-bb8c-81ca6a8eedbe","2024-07-25T12:05:03","","Deploy Threat Detection on SQL servers","/providers/Microsoft.Management/managementGroups/org-id-landing-zones/providers/Microsoft.Authorization/policyAssignments/Deploy-SQL-Threat"
"tenant01","Assignment(PolicySet-Builtin)","unknownOwner","5b78eb55-3d4e-49c7-b443-a90799761640","2024-07-17T04:00:02","","ASC Default (subscription: 399a72e1-30af-4a84-92ac-af885a677310)","/subscriptions/399a72e1-30af-4a84-92ac-af885a677310/providers/Microsoft.Authorization/policyAssignments/SecurityCenterBuiltIn"
"tenant01","Assignment(Policy-Builtin)","unknownOwner","02eecbd1-9a53-48af-bb8c-81ca6a8eedbe","2024-07-25T12:05:02","","Deny the deployment of classic resources","/providers/Microsoft.Management/managementGroups/org-id/providers/Microsoft.Authorization/policyAssignments/Deny-Classic-Resources"
"tenant01","Assignment(PolicySet-Builtin)","unknownOwner","02eecbd1-9a53-48af-bb8c-81ca6a8eedbe","2024-07-25T12:05:02","","Enable Azure Monitor for Virtual Machine Scale Sets","/providers/Microsoft.Management/managementGroups/org-id-platform/providers/Microsoft.Authorization/policyAssignments/Deploy-VMSS-Monitoring"
"tenant01","Assignment(Policy-Builtin)","unknownOwner","02eecbd1-9a53-48af-bb8c-81ca6a8eedbe","2024-07-25T12:03:23","","Network interfaces should disable IP forwarding","/providers/Microsoft.Management/managementGroups/org-id-landing-zones/providers/Microsoft.Authorization/policyAssignments/Deny-IP-forwarding"
"tenant01","Assignment(PolicySet-Builtin)","unknownOwner","02eecbd1-9a53-48af-bb8c-81ca6a8eedbe","2024-07-25T12:08:21","","Configure Advanced Threat Protection to be enabled on open-source relational databases","/providers/Microsoft.Management/managementGroups/org-id/providers/Microsoft.Authorization/policyAssignments/Deploy-MDFC-OssDb"
"tenant01","Assignment(PolicySet-Builtin)","unknownOwner","02eecbd1-9a53-48af-bb8c-81ca6a8eedbe","2024-07-25T12:10:00","","Enable Azure Monitor for VMs","/providers/Microsoft.Management/managementGroups/org-id-landing-zones/providers/Microsoft.Authorization/policyAssignments/Deploy-VM-Monitoring"
"tenant01","Assignment(Policy-Builtin)","unknownOwner","02eecbd1-9a53-48af-bb8c-81ca6a8eedbe","2024-07-25T12:06:42","","Configure Log Analytics workspace and automation account to centralize logs and monitoring","/providers/Microsoft.Management/managementGroups/org-id-management/providers/Microsoft.Authorization/policyAssignments/Deploy-Log-Analytics"
"tenant01","Assignment(Policy-Builtin)","unknownOwner","02eecbd1-9a53-48af-bb8c-81ca6a8eedbe","2024-07-25T12:00:05","","Kubernetes clusters should be accessible only over HTTPS","/providers/Microsoft.Management/managementGroups/org-id-landing-zones/providers/Microsoft.Authorization/policyAssignments/Enforce-AKS-HTTPS"
"tenant01","Assignment(Policy-Builtin)","unknownOwner","02eecbd1-9a53-48af-bb8c-81ca6a8eedbe","2024-07-25T12:00:04","","Deploy TDE on SQL servers","/providers/Microsoft.Management/managementGroups/org-id-landing-zones/providers/Microsoft.Authorization/policyAssignments/Deploy-SQL-TDE"
"tenant01","Assignment(PolicySet-Custom)","unknownOwner","02eecbd1-9a53-48af-bb8c-81ca6a8eedbe","2024-07-25T12:00:05","","Enforce enhanced recovery and backup policies","/providers/Microsoft.Management/managementGroups/org-id-landing-zones/providers/Microsoft.Authorization/policyAssignments/Enforce-ASR"
"tenant01","Assignment(PolicySet-Custom)","unknownOwner","02eecbd1-9a53-48af-bb8c-81ca6a8eedbe","2024-07-25T12:03:24","","Configure periodic checking for missing system updates on azure virtual machines and Arc-enabled virtual machines.","/providers/Microsoft.Management/managementGroups/org-id-platform/providers/Microsoft.Authorization/policyAssignments/Enable-AUM-CheckUpdates"
"tenant01","Assignment(Policy-Builtin)","unknownOwner","02eecbd1-9a53-48af-bb8c-81ca6a8eedbe","2024-07-25T12:01:44","","Virtual networks should be protected by Azure DDoS Network Protection","/providers/Microsoft.Management/managementGroups/org-id-connectivity/providers/Microsoft.Authorization/policyAssignments/Enable-DDoS-VNET"
"tenant01","Assignment(PolicySet-Custom)","unknownOwner","02eecbd1-9a53-48af-bb8c-81ca6a8eedbe","2024-07-25T12:01:44","","Configure periodic checking for missing system updates on azure virtual machines and Arc-enabled virtual machines.","/providers/Microsoft.Management/managementGroups/org-id-landing-zones/providers/Microsoft.Authorization/policyAssignments/Enable-AUM-CheckUpdates"
"tenant01","Assignment(PolicySet-Custom)","unknownOwner","02eecbd1-9a53-48af-bb8c-81ca6a8eedbe","2024-07-25T12:01:45","","Enforce Azure Compute Security Baseline compliance auditing","/providers/Microsoft.Management/managementGroups/org-id/providers/Microsoft.Authorization/policyAssignments/Enforce-ACSB"
"tenant01","Assignment(PolicySet-Builtin)","unknownOwner","02eecbd1-9a53-48af-bb8c-81ca6a8eedbe","2024-07-25T12:01:45","","Configure Azure Defender to be enabled on SQL Servers and SQL Managed Instances","/providers/Microsoft.Management/managementGroups/org-id/providers/Microsoft.Authorization/policyAssignments/Deploy-MDFC-SqlAtp"
"tenant01","Assignment(PolicySet-Builtin)","unknownOwner","02eecbd1-9a53-48af-bb8c-81ca6a8eedbe","2024-07-25T12:06:42","","Enable Defender for SQL on SQL VMs and Arc-enabled SQL Servers","/providers/Microsoft.Management/managementGroups/org-id-landing-zones/providers/Microsoft.Authorization/policyAssignments/Deploy-MDFC-DefSQL-AMA"
"tenant01","Assignment(Policy-Custom)","unknownOwner","02eecbd1-9a53-48af-bb8c-81ca6a8eedbe","2024-07-25T12:00:05","","Management port access from the Internet should be blocked","/providers/Microsoft.Management/managementGroups/org-id-identity/providers/Microsoft.Authorization/policyAssignments/Deny-MgmtPorts-Internet"
"tenant01","Assignment(PolicySet-Builtin)","unknownOwner","02eecbd1-9a53-48af-bb8c-81ca6a8eedbe","2024-07-25T12:03:23","","Configure multiple Microsoft Defender for Endpoint integration settings with Microsoft Defender for Cloud","/providers/Microsoft.Management/managementGroups/org-id/providers/Microsoft.Authorization/policyAssignments/Deploy-MDEndpointsAMA"
"tenant01","Assignment(PolicySet-Builtin)","unknownOwner","02eecbd1-9a53-48af-bb8c-81ca6a8eedbe","2024-07-25T12:03:24","","Enable ChangeTracking and Inventory for virtual machine scale sets","/providers/Microsoft.Management/managementGroups/org-id-landing-zones/providers/Microsoft.Authorization/policyAssignments/Deploy-VMSS-ChangeTrack"
"tenant01","Assignment(Policy-Builtin)","unknownOwner","02eecbd1-9a53-48af-bb8c-81ca6a8eedbe","2024-07-25T12:05:03","","Configure backup on virtual machines without a given tag to a new recovery services vault with a default policy","/providers/Microsoft.Management/managementGroups/org-id-landing-zones/providers/Microsoft.Authorization/policyAssignments/Deploy-VM-Backup"
"tenant01","Assignment(Policy-Builtin)","unknownOwner","02eecbd1-9a53-48af-bb8c-81ca6a8eedbe","2024-07-25T12:08:21","","Kubernetes cluster should not allow privileged containers","/providers/Microsoft.Management/managementGroups/org-id-landing-zones/providers/Microsoft.Authorization/policyAssignments/Deny-Privileged-AKS"
"tenant01","Assignment(PolicySet-Builtin)","unknownOwner","02eecbd1-9a53-48af-bb8c-81ca6a8eedbe","2024-07-25T12:00:05","","Enable ChangeTracking and Inventory for Arc-enabled virtual machines","/providers/Microsoft.Management/managementGroups/org-id-platform/providers/Microsoft.Authorization/policyAssignments/Deploy-vmArc-ChangeTrack"
"tenant01","Assignment(Policy-Builtin)","unknownOwner","02eecbd1-9a53-48af-bb8c-81ca6a8eedbe","2024-07-25T12:08:21","","Configure backup on virtual machines without a given tag to a new recovery services vault with a default policy","/providers/Microsoft.Management/managementGroups/org-id-identity/providers/Microsoft.Authorization/policyAssignments/Deploy-VM-Backup"
"tenant01","Assignment(PolicySet-Builtin)","unknownOwner","02eecbd1-9a53-48af-bb8c-81ca6a8eedbe","2024-07-25T12:10:00","","Enable ChangeTracking and Inventory for virtual machines","/providers/Microsoft.Management/managementGroups/org-id-platform/providers/Microsoft.Authorization/policyAssignments/Deploy-VM-ChangeTrack"
"tenant01","Assignment(Policy-Custom)","unknownOwner","02eecbd1-9a53-48af-bb8c-81ca6a8eedbe","2024-07-25T12:05:02","","Subnets should have a Network Security Group","/providers/Microsoft.Management/managementGroups/org-id-identity/providers/Microsoft.Authorization/policyAssignments/Deny-Subnet-Without-Nsg"
"tenant01","Assignment(Policy-Builtin)","unknownOwner","02eecbd1-9a53-48af-bb8c-81ca6a8eedbe","2024-07-25T12:05:02","","Configure SQL servers to have auditing enabled to Log Analytics workspace","/providers/Microsoft.Management/managementGroups/org-id-landing-zones/providers/Microsoft.Authorization/policyAssignments/Deploy-AzSqlDb-Auditing"
"tenant01","Assignment(PolicySet-Builtin)","unknownOwner","02eecbd1-9a53-48af-bb8c-81ca6a8eedbe","2024-07-25T12:05:03","","Enable Azure Monitor for VMs","/providers/Microsoft.Management/managementGroups/org-id-platform/providers/Microsoft.Authorization/policyAssignments/Deploy-VM-Monitoring"
"tenant01","Assignment(PolicySet-Custom)","unknownOwner","02eecbd1-9a53-48af-bb8c-81ca6a8eedbe","2024-07-25T12:09:59","","Public network access should be disabled for PaaS services","/providers/Microsoft.Management/managementGroups/org-id-corp/providers/Microsoft.Authorization/policyAssignments/Deny-Public-Endpoints"
"tenant01","Assignment(PolicySet-Custom)","unknownOwner","02eecbd1-9a53-48af-bb8c-81ca6a8eedbe","2024-07-25T12:00:05","","Deny or Deploy and append TLS requirements and SSL enforcement on resources without Encryption in transit","/providers/Microsoft.Management/managementGroups/org-id-landing-zones/providers/Microsoft.Authorization/policyAssignments/Enforce-TLS-SSL-H224"
"tenant01","Assignment(PolicySet-Builtin)","unknownOwner","02eecbd1-9a53-48af-bb8c-81ca6a8eedbe","2024-07-25T12:06:42","","Enable Azure Monitor for Hybrid Virtual Machines","/providers/Microsoft.Management/managementGroups/org-id-platform/providers/Microsoft.Authorization/policyAssignments/Deploy-vmHybr-Monitoring"
"tenant01","Assignment(PolicySet-Builtin)","unknownOwner","5b78eb55-3d4e-49c7-b443-a90799761640","2024-07-17T04:00:02","","ASC Default (subscription: 8ff0bc40-d483-4e35-be1d-b49568bd9c5f)","/subscriptions/8ff0bc40-d483-4e35-be1d-b49568bd9c5f/providers/Microsoft.Authorization/policyAssignments/SecurityCenterBuiltIn"
"tenant01","Assignment(Policy-Custom)","unknownOwner","02eecbd1-9a53-48af-bb8c-81ca6a8eedbe","2024-07-25T12:03:23","","Subnets should have a Network Security Group","/providers/Microsoft.Management/managementGroups/org-id-landing-zones/providers/Microsoft.Authorization/policyAssignments/Deny-Subnet-Without-Nsg"
"tenant01","Assignment(PolicySet-Builtin)","unknownOwner","02eecbd1-9a53-48af-bb8c-81ca6a8eedbe","2024-07-25T12:01:45","","Enable ChangeTracking and Inventory for virtual machines","/providers/Microsoft.Management/managementGroups/org-id-landing-zones/providers/Microsoft.Authorization/policyAssignments/Deploy-VM-ChangeTrack"
"tenant01","Assignment(PolicySet-Custom)","unknownOwner","02eecbd1-9a53-48af-bb8c-81ca6a8eedbe","2024-07-25T12:01:44","","Enforce ALZ Decommissioned Guardrails","/providers/Microsoft.Management/managementGroups/org-id-decommissioned/providers/Microsoft.Authorization/policyAssignments/Enforce-ALZ-Decomm"
"tenant01","Assignment(PolicySet-Builtin)","unknownOwner","02eecbd1-9a53-48af-bb8c-81ca6a8eedbe","2024-07-25T12:06:43","","Microsoft Cloud Security Benchmark","/providers/Microsoft.Management/managementGroups/org-id/providers/Microsoft.Authorization/policyAssignments/Deploy-ASC-Monitoring"
"tenant01","Assignment(PolicySet-Custom)","unknownOwner","02eecbd1-9a53-48af-bb8c-81ca6a8eedbe","2024-07-25T12:01:44","","Enforce recommended guardrails for Azure Key Vault","/providers/Microsoft.Management/managementGroups/org-id-platform/providers/Microsoft.Authorization/policyAssignments/Enforce-GR-KeyVault"
"tenant01","Assignment(PolicySet-Custom)","unknownOwner","02eecbd1-9a53-48af-bb8c-81ca6a8eedbe","2024-07-25T12:00:04","","Audit virtual machines for Trusted Launch support","/providers/Microsoft.Management/managementGroups/org-id/providers/Microsoft.Authorization/policyAssignments/Audit-TrustedLaunch"
"tenant01","Assignment(PolicySet-Custom)","unknownOwner","02eecbd1-9a53-48af-bb8c-81ca6a8eedbe","2024-07-25T12:03:24","","Enforce recommended guardrails for Azure Key Vault","/providers/Microsoft.Management/managementGroups/org-id-landing-zones/providers/Microsoft.Authorization/policyAssignments/Enforce-GR-KeyVault"
"tenant01","Assignment(PolicySet-Builtin)","unknownOwner","02eecbd1-9a53-48af-bb8c-81ca6a8eedbe","2024-07-25T12:00:05","","Enable ChangeTracking and Inventory for Arc-enabled virtual machines","/providers/Microsoft.Management/managementGroups/org-id-landing-zones/providers/Microsoft.Authorization/policyAssignments/Deploy-vmArc-ChangeTrack"
"tenant01","Assignment(PolicySet-Builtin)","unknownOwner","02eecbd1-9a53-48af-bb8c-81ca6a8eedbe","2024-07-25T12:10:00","","Enable Azure Monitor for Virtual Machine Scale Sets","/providers/Microsoft.Management/managementGroups/org-id-landing-zones/providers/Microsoft.Authorization/policyAssignments/Deploy-VMSS-Monitoring"
"tenant01","Assignment(Policy-Builtin)","unknownOwner","02eecbd1-9a53-48af-bb8c-81ca6a8eedbe","2024-07-25T12:06:41","","Secure transfer to storage accounts should be enabled","/providers/Microsoft.Management/managementGroups/org-id-landing-zones/providers/Microsoft.Authorization/policyAssignments/Deny-Storage-http"
